customer_id,first_name,last_name,email,phone_number,city,state,country,signup_date,is_active
1,David,Wright,elong@arnold.com,3147646185,Mcclainfurt,CO,British Indian Ocean Territory (Chagos Archipelago),2024-10-10,False
2,Deborah,Curry,mathewscory@hotmail.com,9069715189,New Keithview,SC,French Southern Territories,2023-07-13,True
3,Richard,Carroll,kimberlyscott@yahoo.com,9121914355,Amyfurt,AK,Rwanda,2022-01-09,True
4,James,Cohen,tlopez@hicks.com,3943746317,New Danielton,VT,Cyprus,2020-06-14,False
5,Maureen,Jacobs,lauramccall@gmail.com,4907899359,Taylorstad,OR,Maldives,2024-02-01,False
6,Karen,Berry,murphyjavier@hotmail.com,0001575188,Ingramshire,AL,Libyan Arab Jamahiriya,2022-08-22,True
7,Mary,Solis,kiddcraig@gmail.com,0221831528,West Johnny,NY,Bahamas,2021-09-22,True
8,Andrea,Moore,rossdorothy@dominguez.com,0538836159,Lisaport,UT,Guatemala,2024-06-10,True
9,Courtney,Miller,michaellee@pitts.biz,2488466117,Lake Markfurt,NC,Saint Kitts and Nevis,2021-10-21,True
10,Brandon,Johnson,curryjohn@yahoo.com,8283360403,Lake Jillbury,CA,Iceland,2024-07-30,True
11,Raymond,Griffith,frussell@white.biz,7428480724,Port Christineport,MS,Moldova,2025-05-19,True
12,Nicholas,Frank,susan30@hotmail.com,4114450310,Brandtbury,MO,Palau,2022-08-04,True
13,Christopher,Hill,jessicaclark@yahoo.com,7567780544,West Haroldshire,IN,Vanuatu,2024-01-17,True
14,Leslie,Roberts,lisa80@yahoo.com,9021615877,Leblancbury,ME,Qatar,2021-01-21,False
15,Andrew,Pacheco,vfrederick@hotmail.com,1206256111,East Sandraview,LA,Burundi,2021-07-20,True
16,Ricardo,Murphy,henry87@hotmail.com,7992537523,Ballton,KY,Montserrat,2023-12-11,False
17,Katherine,Porter,john60@gmail.com,5373607918,North Timothystad,NM,Macao,2025-04-04,False
18,Teresa,Ho,kathy91@allen-johnson.com,6833199954,Kelleymouth,NM,Honduras,2021-10-16,True
19,Haley,Reid,evangraham@george.com,0852558433,Wisestad,AL,Seychelles,2024-02-27,True
20,Nancy,Wilson,emmashepherd@yahoo.com,7584959982,Port Cassandra,NM,New Caledonia,2023-09-02,False
21,Natasha,Mcdowell,edward79@gmail.com,1525090045,Port Tylershire,MO,Saint Vincent and the Grenadines,2022-10-24,False
22,Joshua,Allen,wendypatterson@wells-roberts.com,8432348419,Lake Destiny,TX,Nauru,2022-07-23,False
23,Edward,Welch,vperez@yahoo.com,0749770735,Lake Ashleyport,LA,Cocos (Keeling) Islands,2022-04-13,False
24,Teresa,Hart,djimenez@cochran.com,7000869858,Tannerland,OH,Costa Rica,2022-08-30,True
25,Janice,Baker,mjacobs@hotmail.com,5374062620,Carterburgh,VT,Jordan,2021-03-25,True
26,Keith,Colon,muellerjoan@hotmail.com,6927702656,North William,MN,Norfolk Island,2020-10-26,False
27,Shelby,Bailey,leelaura@castillo.com,5566769434,North Andrew,DC,Taiwan,2020-07-21,True
28,Mercedes,Weaver,tammytucker@gardner.com,3739348876,North Heather,CO,Mali,2024-04-02,False
29,Michael,Jacobs,millerdawn@bailey-cardenas.net,5494161298,Watsonburgh,TN,Swaziland,2021-10-13,True
30,Patrick,Mendoza,jasonle@kennedy-smith.com,7482857554,North Savannahchester,FL,Panama,2021-10-27,False
31,Jeffrey,Curtis,jessicathomas@hotmail.com,6103157378,Lesterchester,PA,Latvia,2024-07-01,True
32,David,Williams,zle@flynn.com,1053886310,Huntville,LA,Korea,2023-01-23,False
33,Judith,Gonzalez,martinezchristine@yahoo.com,9661171614,Aprilshire,MO,Hungary,2021-12-03,True
34,Scott,Thompson,qbrewer@evans.com,7420292078,Summersshire,ME,Romania,2023-03-05,False
35,Brittany,Brown,daniel51@hernandez.com,3526609871,Brianhaven,IA,United States Virgin Islands,2023-09-22,True
36,Jesse,Rose,jacquelinefleming@nelson.com,6203430540,Vazqueztown,MI,Bolivia,2023-07-12,False
37,Wendy,Gonzales,marcusalvarez@sanders.com,9324650627,East Taylor,NY,Turks and Caicos Islands,2022-04-28,True
38,William,Jensen,grosscarrie@white.com,7059460221,Robinsonchester,OR,Gabon,2023-12-18,True
39,Samuel,Mitchell,lisa85@yahoo.com,7762828733,East Lawrence,DE,Central African Republic,2023-08-01,True
40,Joe,Rice,changmichael@hotmail.com,7506530166,South Alisonchester,WA,Belize,2023-07-02,True
41,Kayla,Oconnor,rclark@gmail.com,5886888854,East Jamiehaven,NE,Niger,2025-03-12,True
42,John,Lee,kirbyveronica@hicks.com,3454071710,Andradeville,OK,Romania,2021-12-10,False
43,Katrina,Reynolds,troysoto@pena.net,8362029612,East Savannah,MA,Lao People's Democratic Republic,2021-11-20,True
44,Charles,Davidson,elizabethjones@yahoo.com,3331399916,West Jason,WI,Palestinian Territory,2025-01-04,False
45,Alexis,Ward,christopherbutler@mendez.com,8074506455,West Samuel,KY,Botswana,2022-05-22,False
46,Martin,Rasmussen,nicholasclark@hotmail.com,1051993573,Lake Adam,WI,Greenland,2021-11-13,True
47,Michelle,Walker,jessicacastillo@gmail.com,5482385429,Vanessahaven,KY,Benin,2023-07-11,False
48,Heather,Wilson,carlos99@gmail.com,3870679094,Williamborough,TX,Andorra,2022-05-14,False
49,Kim,Palmer,gutierrezderrick@lowery-vazquez.com,5395869516,Port Jenniferfort,MS,Cyprus,2023-07-07,True
50,Erik,Hubbard,william44@gmail.com,0841405087,Waynefort,LA,San Marino,2021-02-07,True
51,James,Rivera,rodriguezalicia@gmail.com,8936665338,Jacksonview,ME,Hong Kong,2024-11-06,True
52,Kristie,Ayers,ymoses@gmail.com,6576682142,Adamsshire,KS,Anguilla,2023-06-26,False
53,Robert,Grant,sheilaanderson@carroll.com,6626275355,Thompsonshire,DC,Spain,2024-04-04,False
54,Kayla,Martinez,jongibson@hotmail.com,6874266717,Brianfurt,SC,Denmark,2021-10-26,False
55,Tiffany,Morgan,lgay@hotmail.com,8987057032,East Cynthia,VA,Saint Lucia,2020-12-15,True
56,Kenneth,Dougherty,kathleenmyers@yahoo.com,7021828448,Troyfort,NE,Netherlands,2022-07-13,False
57,Aaron,Sanchez,hebertashley@king.com,1288007279,New Jamesfort,HI,Palau,2022-06-07,False
58,Jill,Johnson,charlesbernard@mckinney.com,9039232551,West Erinfort,LA,Samoa,2024-07-07,False
59,Kathryn,Guzman,bonnie97@gmail.com,0776297888,Dawnside,VT,Mexico,2021-03-22,True
60,Pamela,Williams,grimescody@yahoo.com,6940403757,Lake Christopher,ID,Japan,2021-09-20,False
61,Jared,Larson,jason12@sanders.info,1724965720,Michaelview,ID,Latvia,2021-10-03,True
62,Jason,Williams,pmcmillan@thomas.biz,8252699856,New Benjaminburgh,RI,Bouvet Island (Bouvetoya),2022-08-13,True
63,Dominique,Jacobson,joseph34@matthews.com,1358028088,Lake Joshua,WA,Iraq,2022-05-09,False
64,Angela,Allen,adelacruz@hotmail.com,6770775440,Lake Laura,MN,Greece,2022-08-23,False
65,Mark,Lopez,paul03@benitez.biz,6592227076,West Daniel,MS,Serbia,2022-08-28,False
66,Sheila,Thompson,alexanderbuchanan@hotmail.com,0860806090,Petersonmouth,MI,Botswana,2024-11-24,False
67,Carlos,Nelson,xsanchez@payne.com,3097765958,South Michaelside,IL,Uruguay,2025-05-06,False
68,Denise,Allen,xmalone@barrett.biz,3970333523,Port Thomasshire,TX,Canada,2020-10-23,False
69,Jacob,Price,nguyenbrian@webb.info,8857063126,Lake Stephanie,NV,Kyrgyz Republic,2023-04-09,False
70,Stephanie,Thornton,carolyn45@holt-tanner.com,5905799811,Teresaview,RI,United States of America,2020-07-25,True
71,Marie,Atkinson,gabriellefitzgerald@gmail.com,7688101875,West Eric,UT,Iran,2021-09-26,False
72,Joseph,Walker,taylordaniel@hotmail.com,8996082265,Wrightport,ND,Lao People's Democratic Republic,2023-04-16,False
73,Barbara,Thompson,amandagonzales@gmail.com,2829968831,Michellehaven,KY,Cape Verde,2025-01-07,True
74,Teresa,Gordon,anthony52@hotmail.com,4711938424,Hollyview,AK,French Polynesia,2023-10-12,False
75,Jamie,Jones,deborahcox@yahoo.com,7468845438,Wiseton,AK,Yemen,2024-02-10,False
76,Michelle,Gonzales,banksdanielle@bentley.net,0378161943,New Chad,AZ,Argentina,2025-03-25,False
77,Laura,Ramirez,gfreeman@wilkins.com,0150730349,Brookeside,AZ,Costa Rica,2023-05-25,True
78,Susan,Miller,richardoconnell@hotmail.com,6415399341,Danashire,UT,Somalia,2024-08-15,False
79,Hunter,Anderson,valerie96@garcia-ellis.com,1638993029,East Janet,VT,Finland,2025-05-06,False
80,Michael,Warren,eddieholland@hotmail.com,4302621981,Cherylport,MI,Macedonia,2023-12-16,False
81,Ryan,Bradley,mitchellcook@smith.org,5790811556,North Isabellahaven,GA,Belgium,2025-03-08,False
82,Crystal,Parsons,michelejones@hotmail.com,2121068286,North Jasonbury,KY,Slovenia,2020-06-29,False
83,Caroline,Miller,johnstonjeffrey@yahoo.com,6801713381,North Michael,WV,Saint Lucia,2023-10-10,True
84,James,Owen,alexisperez@gmail.com,2923895894,Johnton,DC,Tajikistan,2023-05-30,False
85,Henry,Flores,matthew85@hotmail.com,0946438765,Port Jefferystad,AK,Brunei Darussalam,2020-06-15,False
86,Tina,Smith,hayleysantiago@gmail.com,6280049170,Lake Travismouth,NH,Peru,2021-11-07,True
87,Yvonne,Adams,wagnertimothy@gmail.com,4770430447,Ashleyland,HI,Turks and Caicos Islands,2024-06-07,True
88,Mark,Burns,smiller@yahoo.com,8453579920,Perkinsfort,MD,Korea,2022-09-28,False
89,Alexander,Hurst,fcampbell@hotmail.com,4144059834,Williamsside,NV,Montserrat,2021-06-23,False
90,Brandon,Wright,zjackson@watson-reese.net,9066022025,Lake Anthony,ID,Armenia,2024-08-30,False
91,Christine,Lee,ayoung@gmail.com,5747681391,West Jason,NY,Nepal,2025-04-23,True
92,Heather,Prince,fknox@brady-garcia.biz,7976642295,Robertton,NY,Denmark,2023-08-17,False
93,David,Mora,amberjones@gillespie.com,1149241178,Port Matthewport,MS,Fiji,2022-11-30,False
94,Megan,Mills,catherine12@parker.net,9251278596,South Melissa,KS,Austria,2021-12-24,True
95,David,James,christopherjohnson@yahoo.com,5686426789,East Dawn,FL,Aruba,2025-03-13,False
96,Ryan,Mcclure,laurie46@yahoo.com,6273574926,Bradleyview,IL,Saint Kitts and Nevis,2023-07-15,False
97,Kylie,Mcclure,gwaters@diaz.com,6315392196,Robertton,IN,Kyrgyz Republic,2023-04-03,False
98,Michael,Moreno,johnrodriguez@yahoo.com,7677363470,Pattonville,IA,Burundi,2023-06-07,True
99,Michael,Castillo,elarson@yahoo.com,9797849936,Rebeccafurt,SD,Philippines,2020-09-04,True
100,Lynn,Vazquez,ntucker@thompson.info,2683900071,New Danaport,NJ,Sierra Leone,2022-08-06,False
101,Christopher,Haynes,tasha11@hotmail.com,2967256867,South Gail,ID,Kiribati,2022-09-06,False
102,Lindsey,Nguyen,hamptontony@yahoo.com,1739327176,Taylorbury,NV,Austria,2020-11-04,False
103,Jeremy,Rodriguez,stewartjamie@hotmail.com,6328054610,West Brianaport,NE,Barbados,2025-01-06,False
104,Blake,Singleton,steven45@johnson-davis.org,5605406557,Toniville,WY,Spain,2021-01-05,False
105,Mary,Riley,michelle94@johnson-jones.com,9909855444,Ninaland,ME,Saint Vincent and the Grenadines,2024-05-27,False
106,Zachary,Watkins,ubell@gmail.com,1432807354,Lake Melissa,TX,Belarus,2023-04-10,True
107,Tina,Osborn,amanda26@yahoo.com,1212752590,Lake Roberto,AL,Seychelles,2021-05-01,True
108,William,Jones,marissacarter@torres.com,0162501086,South Jenniferborough,MD,Egypt,2025-01-06,True
109,Danielle,Gonzales,lori68@hotmail.com,4506507250,Melindaton,TX,Slovenia,2025-01-23,True
110,Ronald,Campos,ruben65@phelps.com,2309033531,Carmenmouth,CA,Fiji,2021-06-17,True
111,Priscilla,Burns,tina62@gmail.com,2015682995,New Daniel,ND,Eritrea,2023-05-27,False
112,Donald,Pacheco,qorozco@hotmail.com,8276807594,Theresafurt,KS,Bouvet Island (Bouvetoya),2024-03-28,True
113,Holly,Garcia,pamela08@yahoo.com,7484706584,Briannachester,LA,Guadeloupe,2023-02-17,False
114,Craig,Waters,nathan41@hotmail.com,3601244116,Kevinland,IA,Qatar,2022-11-27,True
115,Michael,Huff,kimberly79@gmail.com,8473085419,West April,ND,Antarctica (the territory South of 60 deg S),2022-11-04,False
116,Sean,David,tolson@yahoo.com,0087012404,Smithview,PA,Kiribati,2021-07-04,False
117,James,Ward,michael03@yahoo.com,1425562956,New Andrea,NV,Sweden,2023-06-04,False
118,Richard,Clark,iwaters@gmail.com,8179763234,Port Christopherfurt,SD,Tuvalu,2022-03-22,False
119,Gregory,Nicholson,kevinblackwell@hotmail.com,1245342101,New Natalie,VT,Barbados,2023-08-05,False
120,Robert,Weber,lherring@gardner-cox.com,1841513168,Petermouth,MD,Vanuatu,2021-02-06,False
121,Kimberly,Avila,bphillips@hotmail.com,0754568873,Brandtview,RI,Guinea,2022-02-09,True
122,Barry,Lutz,harrisrobert@hall.com,8334933261,Brendafort,NH,Slovakia (Slovak Republic),2024-10-03,False
123,Adam,Sullivan,carollarson@hotmail.com,3775319730,Adamston,DC,Tonga,2023-04-11,True
124,Michele,Waller,stephanieparker@yahoo.com,9444252867,Priscillaville,NM,Kazakhstan,2021-12-02,True
125,Megan,Kelley,joshua19@yahoo.com,8614800814,North Tylerton,WI,Philippines,2022-02-19,False
126,Robert,Williams,cooknicholas@gmail.com,2219586460,Christystad,MS,Tajikistan,2023-10-03,True
127,Sarah,Henry,mcherry@gmail.com,1041082451,Roachfurt,KY,Sierra Leone,2023-09-13,False
128,Michael,Donovan,sean13@brown.com,5518949363,Seanfurt,IL,Libyan Arab Jamahiriya,2021-02-25,True
129,Jamie,Bradley,parkjohn@hotmail.com,6660487331,Bowersfort,AR,United Kingdom,2024-05-20,False
130,Christopher,Webb,hicksalicia@atkins-harmon.com,1738936362,Millerside,WI,Guam,2020-12-26,False
131,Hailey,Walker,kturner@hotmail.com,9537228171,Hernandezland,AZ,Ukraine,2022-04-14,False
132,Steven,Adams,jasonbutler@ruiz-mckay.com,4370629720,West Carolynshire,MD,Kazakhstan,2023-01-08,True
133,Deborah,Jennings,scott31@yahoo.com,0488291743,Rodneyside,OH,Jordan,2020-09-17,True
134,Timothy,Smith,dicksonthomas@johnson-franklin.biz,3971223525,New Johnny,NY,Saint Barthelemy,2021-12-31,True
135,Christopher,Montgomery,johnsonbenjamin@moore.info,5109835170,Bradleyfort,KS,Norfolk Island,2021-11-03,True
136,Kelly,Woods,mmatthews@yahoo.com,4929880670,Lorimouth,AZ,Nicaragua,2020-06-16,False
137,Brent,Stark,jennifermooney@yahoo.com,5603267911,Port Christopher,CO,Solomon Islands,2023-02-27,True
138,Keith,Lee,stephanie89@gmail.com,8543346352,Dawnton,NM,Myanmar,2025-04-15,False
139,Gabriel,Williamson,hrodriguez@olsen-vasquez.com,1671422230,North Steven,MA,Seychelles,2024-09-16,False
140,Randall,Kim,mcphersonamy@yahoo.com,9114273075,New Tina,NV,Zambia,2023-07-12,False
141,Jeremy,Johnston,tiffanyhoward@yahoo.com,2363317264,Leeside,OK,Zambia,2022-04-29,True
142,Gregory,Jimenez,phillipsluis@diaz.com,9988469368,Geoffreyview,OH,San Marino,2021-10-08,True
143,Jacob,Peck,erictorres@pham-ferguson.com,3217507629,Lake Margaret,NM,Tonga,2023-12-29,True
144,Steven,Bryant,bonnie78@kent-jacobs.org,0705359852,North Bruceshire,OR,Uganda,2022-04-22,True
145,Susan,Carter,howardcraig@martin.com,6361553134,Port Phillip,OK,Wallis and Futuna,2023-02-12,False
146,Allen,Miller,zturner@gmail.com,4728315253,North Annside,KY,China,2022-04-14,True
147,Jennifer,Wilson,loganramirez@reyes.com,9237024475,West Samuel,WY,India,2022-03-30,True
148,Mary,Lopez,betharellano@hotmail.com,3278943096,Port David,VT,Uganda,2021-02-25,False
149,Jacob,Cross,melissaspencer@gmail.com,8987305015,Emilyfurt,IN,British Indian Ocean Territory (Chagos Archipelago),2025-03-09,True
150,Jillian,Brown,usnyder@reyes.com,3642225610,Christopherfort,WY,Israel,2023-05-21,False
151,Ashley,Martin,brownpatrick@ali.com,0140308625,Jameshaven,MD,Panama,2022-10-22,False
152,Michael,Villegas,ecarlson@gmail.com,9214262420,Baxterside,OK,Togo,2024-01-18,True
153,Kara,King,rachel09@hotmail.com,0428548350,East Markburgh,MA,Hungary,2024-04-19,False
154,Emily,Jones,elizabethrandolph@gmail.com,1579324302,West Davidhaven,TN,Korea,2023-04-20,False
155,David,Holmes,brookebaker@cooke-walker.info,1534298083,Lake Bryan,MA,Tokelau,2025-03-21,False
156,Eric,Johnson,katiebrady@parker-robinson.info,3497158269,South Dianebury,MI,Austria,2022-08-18,False
157,Teresa,Parker,shannon24@durham.net,4594362562,Markland,LA,Iraq,2023-07-20,True
158,Jennifer,Ware,rioschristopher@clark.net,7786576285,Port Adamborough,SD,Saint Kitts and Nevis,2020-11-05,False
159,Holly,Coleman,tammyewing@gmail.com,4453591433,East Benjamin,WY,Colombia,2023-09-01,False
160,Michael,Roberts,michelle85@wilson-velez.com,9515400806,East Kelseyfurt,ME,Maldives,2021-10-18,True
161,Alicia,Barnes,berrybryan@thompson.com,5174688626,Cookhaven,NY,Bouvet Island (Bouvetoya),2022-07-18,False
162,Cody,Stark,chris33@wilkins-brown.com,1058136081,Murphyfurt,MN,Mozambique,2020-10-25,True
163,Christian,Hamilton,zdeleon@hotmail.com,9435325978,Nicoleton,DC,San Marino,2023-09-27,False
164,Tabitha,Evans,sethevans@yahoo.com,9826784971,South Breannabury,CT,Croatia,2023-04-10,True
165,Curtis,Garcia,jenniferknox@smith.com,6886130922,Haynesshire,AK,United Arab Emirates,2022-03-07,True
166,Nancy,Newton,lindsay01@richardson.com,6107495690,Ralphbury,NY,Cayman Islands,2021-08-05,True
167,Jennifer,Thomas,jennifergonzalez@yahoo.com,6564136900,Banksfort,UT,Cameroon,2021-07-24,False
168,Nancy,Kelley,vaughngina@bryant.com,3965942644,Jackfort,OH,Trinidad and Tobago,2023-09-13,True
169,Jeanette,Rangel,morganbarber@dennis.com,6063452532,East Adrianburgh,MN,Hong Kong,2021-03-13,False
170,Cory,Graham,burnettamber@yahoo.com,3521095622,South Timothy,RI,Bulgaria,2020-10-18,False
171,Kathleen,Young,michael48@taylor-torres.info,3578285145,Randymouth,GA,United Arab Emirates,2024-10-01,False
172,Ryan,Rivera,stacywilliams@johnson.com,8939479554,Trujilloborough,OK,Congo,2021-06-19,True
173,Beth,Martin,xsanders@white.info,7511686496,Jacquelinetown,MA,Bangladesh,2024-04-26,True
174,Angela,Keller,rosscrystal@ochoa-lopez.net,2301480592,Rodriguezstad,UT,British Virgin Islands,2024-05-06,True
175,Janet,Underwood,brianmcgee@brooks-brown.biz,7026044755,Lake Nicolestad,SD,Korea,2022-05-14,True
176,Juan,Roberts,xmyers@yahoo.com,4950344990,Ashleyville,RI,Turks and Caicos Islands,2022-09-15,True
177,Lisa,Combs,patrick84@yahoo.com,5700404383,Brendaland,MN,Bouvet Island (Bouvetoya),2023-06-08,False
178,Christopher,Cherry,gbell@yahoo.com,7778510743,South Sharonport,ND,Lebanon,2023-12-18,False
179,Christy,Shelton,leah93@johnson-carrillo.com,1048852815,West Deborah,WI,Dominica,2022-02-09,True
180,Rebecca,Brown,megan76@williams.com,3120386394,Juliehaven,DE,Uruguay,2020-08-04,False
181,Wayne,Scott,leonard64@hotmail.com,5855251401,Lake Amy,CO,Grenada,2024-12-28,True
182,Julie,Pearson,barnesjason@hotmail.com,6960548054,New Glen,RI,Singapore,2020-10-04,False
183,Cameron,Patel,tperez@walker.biz,0284675195,Adamsside,FL,Burundi,2021-09-06,True
184,Andrew,Rodriguez,cnelson@hampton.info,8976993023,West Patty,LA,Cocos (Keeling) Islands,2021-04-17,False
185,Frank,Kennedy,leealyssa@morgan.info,6703078390,Fowlerton,MT,Ethiopia,2021-01-06,False
186,Jennifer,Case,richardkeller@nunez.com,9456339038,New Pamela,WV,Anguilla,2021-01-17,True
187,Kevin,Mejia,fischercody@hotmail.com,8922253597,North Danielle,MI,Iceland,2021-02-15,False
188,Paul,Carter,qatkinson@hotmail.com,7604138374,West Justin,MN,United States Minor Outlying Islands,2021-08-20,False
189,Janice,Jackson,alicia16@hotmail.com,5504983672,South Kimberlyport,NV,Sri Lanka,2023-04-19,False
190,Eric,Boyle,joshuabutler@gmail.com,5116736065,North Kenneth,SC,British Virgin Islands,2024-12-16,True
191,David,Parker,micheal17@nelson.info,2752877914,South Matthew,NH,Azerbaijan,2022-05-16,True
192,Zachary,Hernandez,nelsonmichael@yahoo.com,4743810895,East Samantha,AL,Kiribati,2023-11-17,True
193,Allison,Reyes,simpsonkyle@lopez.com,7279006126,Wigginsland,MN,Paraguay,2023-04-04,True
194,Jenna,Brewer,vhampton@herman.info,6655241288,Jameston,MN,Denmark,2022-05-30,False
195,Jenna,Khan,jamesmcguire@parker.net,3645971285,Brooksborough,NC,British Virgin Islands,2022-03-31,True
196,Tanya,Smith,christina74@yahoo.com,8493577672,Mikemouth,KS,Lao People's Democratic Republic,2024-04-22,True
197,Brandon,Ramos,kristina43@holland.com,0297046842,South Kristentown,SC,Lao People's Democratic Republic,2025-05-23,False
198,Samantha,Grant,cassandraanderson@rodriguez-andrews.org,3469339995,Paigefurt,AL,Christmas Island,2021-03-24,True
199,Carla,Gray,mcdanielkimberly@andrews.net,8923881954,Penaview,NV,Timor-Leste,2022-12-02,True
200,Amy,Gross,christopher83@yahoo.com,5486578991,East Taylor,IA,Vietnam,2023-09-30,False
201,Jean,Morris,john24@hotmail.com,2574942955,Nicholasside,HI,Gibraltar,2020-08-06,False
202,Raymond,King,kristendavis@schroeder.biz,4586671721,South Andrea,NM,Seychelles,2025-01-16,True
203,Dawn,Sanchez,coxlindsay@yahoo.com,4171348196,Lake Phillip,MD,Guernsey,2020-08-24,True
204,Donald,Parker,victoria39@yahoo.com,1347419442,Fishertown,MI,Fiji,2020-11-26,True
205,Laurie,Williams,toddconway@hunt.com,1860002521,Bakerstad,SC,Sri Lanka,2024-11-01,True
206,Jackie,West,jessica38@yahoo.com,6865225564,Lake Stephanieport,WV,British Indian Ocean Territory (Chagos Archipelago),2022-05-02,False
207,Kevin,Taylor,vyoung@hotmail.com,2496148776,East Jennifer,MI,Liechtenstein,2022-11-15,False
208,John,Miller,christopherstanley@gmail.com,2177100922,Mallorychester,VT,Greece,2020-11-29,True
209,Courtney,Castillo,douglashartman@gates-shelton.com,9296561691,Suzannestad,MO,Seychelles,2023-01-29,True
210,Darius,White,paula50@ruiz.org,4957689574,Santosfurt,MS,Somalia,2021-07-14,False
211,Patricia,Ho,barrerajames@hotmail.com,8569842277,East Dustintown,IN,Tokelau,2024-11-07,False
212,Gina,Buck,janetharper@meadows.com,4369052901,East Jonathan,NM,Cuba,2023-10-28,True
213,Gina,Galloway,martincatherine@smith.com,6738071524,Rubenland,RI,British Virgin Islands,2024-07-17,False
214,Holly,Hampton,madison21@hotmail.com,1879299330,Lake Michael,VA,Nicaragua,2021-04-06,True
215,Christopher,Evans,kimberly98@garcia-osborn.net,0650333618,North Jonathan,MN,Bangladesh,2024-10-22,True
216,William,Welch,swood@gmail.com,1267116348,Stevenmouth,ME,Swaziland,2022-12-04,False
217,Brandon,Mason,camachovictoria@hotmail.com,4051714248,Port Michelle,IL,British Indian Ocean Territory (Chagos Archipelago),2021-04-03,False
218,Michael,Spears,tamaramueller@willis-jones.net,5633696726,Oliverbury,IN,Kyrgyz Republic,2024-02-15,True
219,John,Saunders,powersdaniel@henderson.com,7962108023,Andersonmouth,NM,Guatemala,2021-11-26,True
220,Brittney,Mcdonald,timothyjones@gmail.com,5245180754,Shermanfurt,AR,Nepal,2024-12-13,False
221,Mary,Garcia,baileyrichard@dunn.com,0861775027,Jenniferland,NM,Bhutan,2023-05-09,False
222,Jeremiah,Carrillo,joneschristopher@gmail.com,4658817561,Davidville,UT,Central African Republic,2025-05-01,False
223,Kevin,Williams,gregorywheeler@yahoo.com,4799378964,Richardview,AR,Armenia,2023-06-21,True
224,Julia,Marquez,deannaclark@marshall.com,8918378112,Port Sarah,DE,United States of America,2024-06-13,False
225,Xavier,Stewart,grahamroy@williams-hammond.net,6165652847,Port Kaylee,AR,Turks and Caicos Islands,2021-11-16,False
226,Emma,Holmes,deleonstephanie@hardy.com,9561126222,New Joshualand,ID,San Marino,2025-04-19,True
227,Matthew,Mendoza,sandraleonard@brown.com,4282094933,Kevinborough,ID,Senegal,2024-12-28,True
228,Kayla,Thomas,orozcolaura@gallagher.info,0117919039,Pagemouth,MT,Oman,2024-03-16,False
229,Brandon,Freeman,jessica00@smith.com,3749048635,Katherineland,WV,Croatia,2022-05-08,True
230,Maria,Nelson,danielstewart@welch.biz,6489156696,East Terrichester,KY,Saint Pierre and Miquelon,2023-07-10,False
231,Matthew,Miller,brittneyperry@barrett.com,4900857085,South Heidiside,KY,Cote d'Ivoire,2021-04-25,False
232,Willie,Mccoy,joelatkins@buck.com,2534059491,Tuckermouth,OK,Cape Verde,2021-02-03,False
233,Jessica,Lara,munozashley@yahoo.com,8156901764,Shannonberg,OK,Greece,2024-02-22,True
234,Bethany,Rodgers,obaker@heath-thompson.com,3183703926,Jonesmouth,CT,Hungary,2022-02-05,True
235,Gabrielle,Chang,tiffanybryant@tucker-lynch.com,6730589553,North Dawnstad,LA,Jamaica,2021-06-01,False
236,Megan,Garcia,lopezhannah@hotmail.com,4236587056,Griffinshire,MT,Russian Federation,2024-04-28,True
237,Hunter,Johnson,johnjones@hotmail.com,5169192068,Jorgebury,AR,Bahrain,2022-06-01,False
238,Peggy,Moreno,shannon16@gmail.com,4216285941,Bellside,AR,Burundi,2023-01-28,False
239,Kayla,Levine,william81@hotmail.com,6178138884,Birdside,NJ,Uzbekistan,2021-06-21,True
240,Cynthia,Rodriguez,mark47@adams.org,9846165030,Jennifershire,KY,Korea,2020-10-17,True
241,Brady,Davis,eharrell@garrett.com,6852451267,Parkerburgh,AR,Netherlands Antilles,2021-08-14,True
242,Gregory,Brown,hansenjohn@evans.com,7484284781,South Brandonstad,NJ,Palestinian Territory,2021-07-15,True
243,Jennifer,Jenkins,william68@gmail.com,8485708507,Lake Michaelberg,UT,Andorra,2023-01-07,False
244,Gwendolyn,Bell,kwalker@gmail.com,3374126190,Diazchester,NC,Ecuador,2021-01-06,True
245,Denise,White,kathyclarke@gmail.com,7476008682,Lake Josephhaven,TN,China,2021-04-14,True
246,Samantha,King,steelejoel@yahoo.com,1078412566,Lake Toddtown,IN,Cameroon,2024-10-30,False
247,Darlene,Medina,robinsoncorey@gmail.com,2101831749,Laurashire,NH,Cameroon,2020-12-30,True
248,Lisa,Porter,zturner@hernandez.biz,0302227707,Lake Shawn,VA,Nigeria,2021-11-17,False
249,Katherine,Howell,cynthia49@yahoo.com,6016037297,West Monica,SC,Paraguay,2022-08-06,True
250,Diana,Rush,anne91@rush.org,8251622803,Myerschester,GA,Norfolk Island,2020-12-22,False
251,Bridget,Alexander,anthonymarquez@gonzalez.com,3112431430,Port Richard,PA,Martinique,2021-07-26,False
252,Christopher,Harris,gcoleman@hotmail.com,9861026329,Mcmillanland,VA,Ukraine,2024-03-20,False
253,Chad,Romero,george74@hotmail.com,0014502402,Port James,TN,Anguilla,2024-06-11,False
254,Nicole,Petersen,lboyer@collins.com,7649122720,North Taraberg,ME,Honduras,2021-06-26,True
255,Heather,Barajas,matthew24@hotmail.com,0660365833,South David,TX,Mexico,2020-12-03,True
256,Dominique,Turner,btaylor@livingston.com,6769933809,New Dave,UT,Guyana,2022-05-23,True
257,Christopher,Ward,cduffy@hernandez.info,1319138238,Daltonton,TX,Hungary,2024-10-12,False
258,Kristine,Williams,kelsey36@preston.com,7344377479,West Nathanielton,DE,Hong Kong,2023-07-22,True
259,Victoria,Richardson,hwatson@yahoo.com,3144728663,Cookfort,TN,Samoa,2022-10-04,True
260,Mary,Perkins,reginalee@lynch-stephens.com,8757173349,Lake Justin,HI,Grenada,2024-01-01,True
261,Sherri,Jensen,melanie71@gmail.com,7224871224,Edwintown,MA,Moldova,2022-08-22,True
262,Matthew,Hull,eddie19@hotmail.com,1101097165,Hahnton,DE,Ireland,2020-12-14,False
263,Nicholas,Wilson,robertsjeremy@brown.com,6890676848,West Jessica,OK,Saint Kitts and Nevis,2021-08-28,True
264,David,Gomez,xhenderson@green-pugh.com,7317295183,West Tammyside,VA,Vietnam,2020-10-24,False
265,Erica,Brown,colinclayton@yahoo.com,8604883714,Walkerton,CO,Macao,2025-04-24,True
266,Michael,Kidd,schneiderluke@gmail.com,2229513540,West Nathanton,CO,Honduras,2022-11-25,False
267,Kimberly,Bradford,jefferywolfe@hotmail.com,9398749162,Cynthiaport,NE,Burundi,2021-02-06,False
268,Rita,Edwards,jonathan37@hotmail.com,8029363650,East Nicholas,ME,Guinea,2025-04-17,True
269,Olivia,Williams,pjones@gmail.com,7427389462,North Anthonymouth,WV,Hungary,2024-01-24,False
270,Gerald,White,julia46@meyer.com,7384143118,Sallyfurt,NM,Svalbard & Jan Mayen Islands,2023-11-10,True
271,Edward,Dennis,judyhensley@heath-thompson.info,8771799188,Annebury,UT,Saint Helena,2023-02-18,True
272,Jeffrey,Michael,natalieholland@yahoo.com,8787082184,Kylefort,OH,Northern Mariana Islands,2022-02-02,True
273,Wendy,Collins,christopher22@yahoo.com,8086635402,Nguyenhaven,CO,Poland,2021-05-02,False
274,Brandon,Butler,rickhamilton@yahoo.com,5521077556,Turnerberg,VT,Oman,2021-08-29,False
275,Maria,Williams,gregoryrobles@gmail.com,2586756432,Lawsonborough,VA,Bosnia and Herzegovina,2022-09-17,True
276,Jonathan,Leonard,lisasandoval@yahoo.com,3530901485,New Christopherborough,GA,Gambia,2024-01-14,True
277,Robert,Ibarra,mccalljoseph@hotmail.com,1833163610,Nicholasmouth,NM,Bolivia,2021-03-24,True
278,Gregory,Garcia,rzuniga@dyer.com,8770335135,East Triciaside,DC,Venezuela,2023-04-23,False
279,Jacob,Elliott,tonyasexton@hotmail.com,3065546573,Port Ryan,OH,Gibraltar,2021-07-05,False
280,Mary,Miller,dominic79@booth.info,9569560152,East Michael,WI,Malta,2020-07-05,False
281,Tara,Cherry,nancyjohnston@yahoo.com,0250557296,South Brian,CO,Swaziland,2023-10-26,False
282,Madison,Kim,nstevens@tucker-gomez.com,9124095847,East Chelsea,OK,Brunei Darussalam,2022-09-28,True
283,Gary,Morales,patricia27@roberts.com,6828113299,South Jonathan,LA,Solomon Islands,2024-06-15,False
284,Mariah,Simmons,smithmartha@gmail.com,3416634052,Amyview,DE,Marshall Islands,2022-02-20,False
285,Thomas,Briggs,jsavage@hotmail.com,7010720417,New Christopher,WY,Brazil,2023-03-18,False
286,Angela,Andrews,edgarjohnson@townsend-mcgee.com,4375043691,Walkerberg,WV,Cook Islands,2020-11-13,True
287,April,Waters,sarahclayton@rodriguez.com,2073770393,Melissashire,NM,Kyrgyz Republic,2020-12-08,True
288,Carlos,Sanford,christianhall@hotmail.com,3797591177,East Margaret,MD,Brunei Darussalam,2024-04-20,False
289,Amy,Smith,vedwards@hotmail.com,4454896206,Patriciaville,MT,Netherlands,2022-11-15,True
290,Michael,Vasquez,oblankenship@adams-santana.org,7271131068,Mitchellport,KY,Egypt,2025-01-23,True
291,Leslie,Owens,victoria68@white.com,5454428905,East Edward,MS,Uruguay,2021-12-25,False
292,Justin,Jenkins,virginiatate@herring.com,1064254179,Johnsonshire,MI,Honduras,2021-03-22,False
293,Kelly,Brewer,michaellopez@gmail.com,1525281916,Port Jessicaborough,MO,Jordan,2021-10-15,False
294,Maria,Jenkins,cunninghamstephanie@hotmail.com,2152624015,Larryhaven,MI,Puerto Rico,2023-06-23,True
295,John,Cruz,matthewthomas@hotmail.com,1261773879,South Michelle,TN,Lebanon,2021-02-27,True
296,David,Grimes,linda17@hotmail.com,8071014424,Port Edward,CA,Tunisia,2022-09-05,False
297,Karen,Hill,marnold@hotmail.com,7267773862,Castillochester,MS,Jamaica,2021-04-04,False
298,Nicole,Johnson,christianhoward@kane.com,4705313379,North Dorothyhaven,TX,Lao People's Democratic Republic,2024-01-29,False
299,Joseph,Dunn,xrodriguez@gmail.com,5177381153,Lake Dianechester,NE,Morocco,2023-06-17,False
300,Travis,Miller,foxerika@gmail.com,3571862431,North Devin,WA,Nepal,2021-09-30,False
301,Deanna,Davis,jacquelineburch@hotmail.com,7038752548,Tonyview,IA,Uruguay,2024-04-02,False
302,Jennifer,Arnold,peter46@yahoo.com,9990041897,North James,MT,Jersey,2020-10-03,True
303,Ashley,Roberts,eric23@smith.info,5135471264,West Stacey,NC,Cuba,2021-11-06,True
304,William,Park,sampsonandrew@brown.net,1245810957,Port Jennifer,RI,Madagascar,2021-04-04,True
305,Ana,Bryant,websterronald@gmail.com,5634258860,Port Sierra,MN,Tuvalu,2022-03-07,True
306,Latoya,Oliver,lewisstephen@marsh.com,1639401758,Jeffreyfurt,OR,Central African Republic,2022-10-10,True
307,Anna,Welch,xrogers@gmail.com,1399597196,West Christianchester,TX,Rwanda,2021-09-21,True
308,Nicole,Spears,ajohnson@yahoo.com,0989167386,New Angela,AZ,Vanuatu,2020-06-25,True
309,Thomas,Brown,edward66@rivera-soto.info,5658800746,Port Elizabethburgh,NJ,Mauritania,2023-08-31,True
310,Amber,Taylor,peggykelley@gmail.com,4540019019,New Thomasland,SD,Mexico,2021-12-07,False
311,Luis,Abbott,nicole30@gmail.com,3859270611,East Stephanie,AZ,Nigeria,2021-05-26,False
312,Crystal,Mcdonald,bmcfarland@mcgee-cooper.com,6350178874,Laurenbury,MO,San Marino,2022-11-26,False
313,Donna,Frederick,zmorris@wilson.com,1356003062,South Erichaven,NE,Libyan Arab Jamahiriya,2024-02-08,False
314,Adam,Robertson,murraypaul@hotmail.com,8688157203,Lake Lisamouth,AL,Congo,2022-07-16,False
315,Brian,Allen,ucolon@gilmore.com,6980434276,Crosbyshire,MS,Brunei Darussalam,2020-07-10,True
316,Michele,Rose,itucker@yahoo.com,5927054145,New Anthonyborough,SC,Brazil,2021-09-02,True
317,Matthew,Medina,oliverdebra@hotmail.com,5641587986,Scottville,MD,Philippines,2024-04-11,True
318,Jessica,Ruiz,floresjessica@curtis.com,3563593028,New Erikashire,KS,Bhutan,2020-12-22,True
319,Patricia,Smith,jacobrobinson@hotmail.com,8579107251,South Jamiechester,CT,Netherlands Antilles,2020-12-08,True
320,Melinda,Schmidt,vanessaingram@gmail.com,4365923911,Lisaberg,AL,Cote d'Ivoire,2024-06-14,False
321,Leah,Meyers,hamiltonwesley@ward-duffy.com,6108492137,South Michellefurt,WY,Denmark,2020-06-14,True
322,James,Barajas,awilliams@yahoo.com,1122657529,Lisaport,IN,Mali,2024-12-27,True
323,Richard,Robinson,erin59@brown.org,2074544110,Brittanytown,WV,Syrian Arab Republic,2020-11-10,False
324,Sean,Carpenter,josephbaker@hotmail.com,6397147029,North Stephanieburgh,OH,Syrian Arab Republic,2020-06-03,True
325,Michael,Hernandez,kbrown@hotmail.com,5176714605,Port Roberthaven,RI,Oman,2023-01-13,True
326,Michael,Ramos,woodwardbecky@benson.com,5895979024,Ericberg,WV,Hong Kong,2020-11-10,True
327,Christina,Smith,tlane@pittman.com,5255292579,Melissaborough,AR,Palau,2021-06-30,True
328,Sandy,Zhang,lindseylindsey@carrillo.biz,9132453907,Cynthiaborough,CT,Belize,2025-04-30,True
329,Elizabeth,Morris,jeffrey30@miller-freeman.com,6444031868,Davidview,NY,Myanmar,2021-04-07,True
330,Julie,Garcia,maria31@gmail.com,9209958190,Toddmouth,AK,Pakistan,2022-08-22,False
331,Jason,Brooks,opratt@hotmail.com,6877752588,Port Laura,AK,Cuba,2022-05-01,True
332,Christopher,Burns,markrussell@clark.com,5524993316,Brandtstad,IL,Peru,2023-12-09,False
333,Ryan,Oconnor,ipatel@fisher.com,6730170460,South Evelynview,SD,Micronesia,2020-06-21,True
334,Melissa,Brown,wclarke@hotmail.com,3707752855,Elizabethshire,UT,Bahamas,2024-07-09,False
335,Marie,Brown,gonzalesvictor@brown.biz,9853180567,Lake Justinberg,SD,Falkland Islands (Malvinas),2024-12-08,False
336,Victor,Price,fgordon@gmail.com,5743923483,East Jamesland,CO,Namibia,2024-07-25,False
337,Juan,Stuart,daniel54@allison.com,7248849757,Perezport,MO,Eritrea,2020-11-10,False
338,Philip,Herrera,megan68@gmail.com,0646808577,New Colleen,NY,Liechtenstein,2024-10-03,True
339,Angela,Wilson,jacob56@burton.net,4064167159,Port Amanda,ID,Myanmar,2022-04-05,True
340,Kim,Bolton,kelly43@yahoo.com,3063890711,Melissaland,MO,Bahrain,2024-10-06,True
341,Fred,Smith,jasontaylor@hotmail.com,6081406918,South Danielle,MS,Mayotte,2020-12-16,False
342,Tricia,Barrera,obrown@hotmail.com,4198875786,East Spencerport,SC,Uruguay,2023-10-02,False
343,Joshua,Mathis,william74@yahoo.com,4293665574,Bradleyville,MD,Mali,2021-12-15,True
344,Theresa,Torres,briananderson@yahoo.com,8700237046,Reneeberg,OR,Gibraltar,2022-06-22,False
345,Wayne,Wood,bmoore@hotmail.com,0536849184,Lake Darlenechester,CO,Japan,2023-09-07,True
346,Richard,Martinez,storres@gmail.com,2453384712,Lake Angel,AL,Serbia,2024-09-28,False
347,Pamela,Gomez,williamsanthony@vasquez.com,4981102200,West Jocelyn,MD,Qatar,2024-02-09,True
348,Micheal,Dickerson,emily73@young.com,4792695994,Medinabury,OH,Maldives,2023-04-07,True
349,Christopher,Hahn,opotter@hotmail.com,9178995712,Dawsonport,WA,Japan,2023-08-25,True
350,Amanda,Kim,daniel49@yahoo.com,7549689617,Codytown,WI,Burundi,2022-05-07,True
351,Carla,Golden,aprilgeorge@hotmail.com,0701279963,Oliverhaven,OK,Austria,2024-05-26,True
352,Christopher,Washington,yschwartz@pham.biz,2459597424,Port Dorothyburgh,TN,French Southern Territories,2024-10-04,False
353,Sharon,Daniels,larrybryant@gmail.com,9554310562,Lake Kathymouth,MI,Saint Vincent and the Grenadines,2022-07-21,True
354,Joseph,Jones,mharvey@yahoo.com,4036806673,Davidbury,NE,Cocos (Keeling) Islands,2022-01-02,False
355,Heather,Knight,carlos42@lewis.com,8160655486,Duncanburgh,ID,Holy See (Vatican City State),2022-07-12,False
356,Justin,Bell,tylerwright@jones.com,0794844195,South Karenbury,TX,Congo,2025-02-28,False
357,Marissa,Perez,joseph09@yahoo.com,2199094135,Lindaville,CO,Croatia,2023-08-06,True
358,Anna,Roberts,mfrench@robertson.net,9514994071,Christopherfort,PA,Oman,2022-11-01,False
359,Michael,Cooper,juanbennett@willis.com,9925971146,South Eric,NH,Anguilla,2021-09-12,False
360,Ryan,Carey,wlopez@gmail.com,3785748650,Andreaview,NC,Qatar,2020-10-11,True
361,Matthew,Adams,tanya25@watson.biz,6785539789,West Randall,NV,Suriname,2024-09-24,True
362,Carly,Reynolds,amanda38@hotmail.com,2696506634,Christophershire,VA,Gabon,2020-07-17,True
363,Timothy,Taylor,webbnicole@hotmail.com,3664105393,Youngmouth,TN,Malawi,2024-11-11,True
364,Monique,Williams,keith43@hotmail.com,4483967417,West Annaburgh,NH,Serbia,2020-12-12,True
365,Helen,Bell,wurhonda@yahoo.com,7909672613,Veronicaland,VA,Swaziland,2023-10-12,False
366,Duane,Johnson,richardjordan@ali.com,9081599463,Lake Johnberg,ND,Georgia,2023-10-04,True
367,Jodi,White,gaydavid@yahoo.com,4210598296,Rushmouth,TN,Jersey,2022-11-16,True
368,Kim,Rush,bennettlinda@yahoo.com,5147478521,Maldonadoton,MS,Spain,2024-01-24,False
369,Timothy,Macias,jevans@yahoo.com,3005565637,Stephenville,VA,Jersey,2020-12-08,True
370,Brendan,Jacobson,vasquezjason@yahoo.com,4195832541,Brandonfurt,AK,Mauritius,2025-03-01,True
371,Steven,Duffy,susanbrown@gmail.com,5103137530,Shannonmouth,FL,Kyrgyz Republic,2023-05-14,True
372,Renee,Young,newtonmaria@hancock.com,7631952638,Leahside,HI,United Kingdom,2020-12-06,False
373,Heather,Mendoza,jennyhill@medina.com,9587423764,Smithside,WV,Seychelles,2022-05-05,True
374,Vincent,Carpenter,angelakelly@martin.com,5781017693,New Timothymouth,CT,Moldova,2024-12-14,True
375,Ronald,Preston,thoffman@gmail.com,4641232370,Diazburgh,IA,Venezuela,2022-07-02,False
376,Brian,Phelps,jwilson@yahoo.com,3019600263,Harrellhaven,NE,Panama,2024-05-16,True
377,Michelle,Cherry,jharris@yahoo.com,4547178167,South John,CA,Armenia,2021-04-18,False
378,Christine,Mccann,nicolas15@hotmail.com,1631802538,Natalieport,IL,Russian Federation,2020-07-16,False
379,Jennifer,Edwards,saralee@andrews.net,6609659074,Andrewview,ME,Timor-Leste,2021-03-20,True
380,Brad,Harris,ythompson@alvarez-santiago.com,7598514755,Danielbury,TN,Iran,2024-02-19,False
381,Larry,Nunez,kellyclark@gmail.com,1058492583,Lake Kimberly,TN,Uruguay,2023-11-29,False
382,William,Browning,hillevan@hotmail.com,3297544526,East Nicholas,WI,Isle of Man,2024-02-21,True
383,Michael,Porter,clarktanner@gmail.com,5192692560,East Elizabeth,MS,South Georgia and the South Sandwich Islands,2022-03-06,True
384,Matthew,Chan,rperez@gmail.com,8462312198,South Timothytown,AK,Antarctica (the territory South of 60 deg S),2021-12-08,True
385,William,Morrison,emmawhite@hotmail.com,1745783014,West Tiffanyton,IA,Bulgaria,2020-09-11,False
386,Sheri,Lee,chanalison@singh.com,8341168342,Gilmoreside,KY,United States Virgin Islands,2023-11-24,True
387,Victoria,Orozco,aweiss@gonzalez.com,8586347769,Theresaport,DC,Zambia,2021-02-26,False
388,Kaylee,Moore,greensara@taylor-diaz.com,0547998947,Mathisborough,TN,Macedonia,2022-01-15,True
389,Amy,Hampton,marcus05@yahoo.com,9245047542,Dianemouth,FL,Netherlands Antilles,2024-01-14,True
390,Tracie,Smith,ngarcia@reid-smith.com,5293523424,New Jeffreybury,NJ,Bosnia and Herzegovina,2023-02-23,False
391,Sheena,Hawkins,ccalderon@hanson-gilbert.com,0946440832,Deannaborough,TX,Venezuela,2025-05-19,False
392,Nicholas,Marsh,jamesmichael@gmail.com,0301928062,Annview,IA,Belgium,2024-08-07,True
393,Ryan,Barnes,jackdoyle@gmail.com,0271724796,New Mollyfort,GA,Trinidad and Tobago,2021-02-02,False
394,Jessica,Meyer,davischristopher@cole.com,8375842853,Lake Susanburgh,WA,Chad,2021-07-24,False
395,Jesse,Green,benjaminfields@gmail.com,1193449415,Port Matthewside,MA,Iceland,2021-07-25,False
396,Timothy,Stephens,austin05@gmail.com,6316881870,Garytown,HI,Liberia,2025-03-24,False
397,Dawn,Daniel,daviswanda@hotmail.com,7613569637,Michaeltown,WV,Venezuela,2020-09-03,False
398,Adam,Garcia,gnguyen@estes.net,8976953303,Veronicafort,MT,Turkey,2022-05-20,True
399,Caitlyn,Cole,pcobb@yahoo.com,9234537115,New Elijahshire,DE,Paraguay,2023-12-23,True
400,Michelle,Hopkins,tammylewis@hotmail.com,4694673022,South Waynemouth,MI,Algeria,2021-08-22,False
401,Gerald,Bennett,ghughes@thomas.net,8016266986,Port Tamara,MN,Palau,2023-10-30,True
402,Dustin,Miller,maryhawkins@hotmail.com,1416897677,Roachbury,LA,Cook Islands,2025-03-19,True
403,Robert,Thompson,hillreginald@gmail.com,7356344629,Markside,GA,Lebanon,2020-11-11,False
404,Jennifer,Montes,mario75@gmail.com,5066039016,East Lisatown,CT,Monaco,2021-07-21,True
405,Randy,Wheeler,wellsjessica@hoffman.com,3375654254,Kington,MS,Sweden,2025-01-30,False
406,Jennifer,Gregory,karmstrong@yahoo.com,6374459317,Robertchester,CO,French Polynesia,2024-10-18,False
407,David,Martin,williammyers@yahoo.com,1438548458,West Alex,NH,Guernsey,2023-09-18,True
408,Wanda,Diaz,angelaperry@parsons-johnson.info,9531295822,Richardmouth,RI,Aruba,2020-10-21,True
409,Eric,Mercer,collinperez@yahoo.com,7947414920,Higginsmouth,WA,Saudi Arabia,2021-04-12,False
410,Kristin,Sweeney,solomonellen@gmail.com,3505523901,Stevensberg,DE,Anguilla,2020-07-25,True
411,Christina,Rogers,qpowell@jones-smith.biz,1974363918,West Maria,NJ,Niue,2023-12-09,False
412,Michael,Mcknight,daughertyjulia@lucas-taylor.info,7888798996,New Jillian,MD,Syrian Arab Republic,2021-04-19,True
413,Nancy,Harrell,lucasgentry@cook.com,8431646144,Port James,MO,New Caledonia,2023-03-11,False
414,Alexandra,Harris,oadkins@nguyen-brock.com,9926031960,New Wendyport,ND,El Salvador,2023-12-30,True
415,Cynthia,Walker,rhenson@hotmail.com,5628121393,Lake Elizabethview,KS,Niger,2023-06-14,True
416,Martin,Dyer,gsmith@williams.info,2325489051,Williamton,LA,Slovakia (Slovak Republic),2020-09-28,True
417,Jeffrey,Owens,stephen99@kelly.net,7284766677,Lake Rachel,WV,Chad,2020-10-27,True
418,Mary,Daniels,fostercatherine@yahoo.com,4528247062,Kiddbury,NV,Lao People's Democratic Republic,2022-07-27,True
419,Brandi,Johnston,swilson@gmail.com,2535652724,North Kelliport,DE,Saint Lucia,2021-12-18,False
420,Adam,Wood,johnsontricia@chavez.com,1009401381,Williamsonville,WY,Bulgaria,2021-11-15,False
421,Heather,Gray,oliviahayes@hotmail.com,5723517775,Lake Charlesmouth,FL,Uzbekistan,2022-11-16,False
422,Joseph,Torres,wilsonkenneth@roberts.com,7178525980,West Lisafurt,TX,Barbados,2021-07-14,True
423,Timothy,Rodriguez,jenkinspeter@williams.net,2420007649,Howardbury,DC,Georgia,2020-06-02,True
424,Susan,Rodriguez,raymondmills@williams.com,2836269348,Pricemouth,OR,Tonga,2023-06-26,True
425,Rebecca,Hill,jonesrachel@yahoo.com,3137161127,Barbaraberg,PA,Cocos (Keeling) Islands,2024-12-13,True
426,Corey,Hart,wblack@evans.biz,3754149919,South Renee,DE,Singapore,2023-02-08,False
427,Devin,Jones,bradfordjessica@rivas.com,5462760995,Lucasstad,UT,Lebanon,2023-09-03,True
428,Virginia,Johnson,christopheralexander@ali-schroeder.com,3895969033,Dixonborough,SC,Croatia,2024-02-02,True
429,Kevin,Sherman,tapiapedro@gmail.com,5522851854,West Donald,NY,Korea,2022-03-11,True
430,Melissa,Howe,maddenemily@clark.com,8467809632,Gilbertside,WA,South Africa,2025-05-11,True
431,Aimee,Oconnell,lucerojimmy@miller.biz,5293040095,Joseberg,ND,New Caledonia,2024-01-30,True
432,Ian,Thomas,stephaniejohnson@kerr-robinson.com,9002857782,Lake Lynn,TN,Israel,2024-12-13,False
433,Aaron,Knox,brandon06@yahoo.com,5964895207,Blakestad,NV,American Samoa,2021-07-10,True
434,Diane,Benton,blakedaniel@hotmail.com,6822951876,South Whitneyhaven,LA,Saint Vincent and the Grenadines,2022-08-20,False
435,Sara,Roach,iedwards@nguyen-thompson.com,7074792922,Williamville,TX,Isle of Man,2024-10-31,False
436,Loretta,Hamilton,brandi71@mccann.org,6177713468,Wilkinschester,IN,Mexico,2023-08-27,False
437,Michelle,Graham,kellerdavid@allen.com,2974058153,South William,AL,Uzbekistan,2021-05-10,True
438,Mark,Leon,pauldonaldson@hart.net,6236339401,Brucemouth,OK,Belize,2021-03-11,False
439,Stacy,Nguyen,smartinez@miller.com,7814029206,North Riley,WV,Marshall Islands,2021-10-17,False
440,Pamela,Chavez,russellelizabeth@harmon.com,3236992272,Christopherton,LA,Canada,2021-02-10,True
441,Tyrone,Howard,martinmelanie@logan-scott.com,5872800217,Moorehaven,FL,Mexico,2022-04-26,True
442,Tasha,White,joseph00@hotmail.com,4687895035,Christopherport,AZ,Afghanistan,2022-01-18,False
443,Jonathan,Dodson,arellanorichard@west-pacheco.com,1714719168,Samanthamouth,NM,Sao Tome and Principe,2021-04-02,False
444,Timothy,Davis,martinbowers@gmail.com,6063690587,Simmonsmouth,SD,New Caledonia,2023-10-15,False
445,Paul,Bailey,padillachristopher@johnson-rivers.info,6813365345,West Kathyburgh,MI,United States Minor Outlying Islands,2025-02-04,False
446,Michael,Fernandez,zsanchez@smith.com,8146337791,Sarahside,UT,Saint Vincent and the Grenadines,2021-10-19,True
447,Victoria,Acosta,dsmith@yahoo.com,4971247364,Corybury,PA,Anguilla,2023-11-23,False
448,Marcus,Gibbs,garrett54@garrett.com,5420628313,North Shannonmouth,NY,Grenada,2021-02-12,True
449,Heather,Marks,ericbrown@gmail.com,8202661041,Hawkinsburgh,GA,Korea,2023-04-17,False
450,Michelle,Neal,anamitchell@yahoo.com,5057907239,Catherinemouth,NC,Russian Federation,2022-10-04,False
451,Jeffrey,Martinez,moorebradley@gmail.com,0471384367,New Davidside,SC,Jordan,2023-12-13,False
452,Heather,Martinez,nmitchell@vargas.biz,3585287341,New Robertborough,LA,Korea,2023-07-18,True
453,Melissa,Martin,mitchellhall@rodriguez.org,3706965495,Port Susanshire,IL,Mexico,2021-04-12,True
454,Kathleen,Jacobs,kmarshall@hotmail.com,3318395748,North Michelle,NV,Morocco,2022-03-19,False
455,Raymond,Thornton,mitchellmeyer@davis-bailey.com,8761880071,Brownfort,AK,Micronesia,2022-02-24,False
456,Connie,Rose,pattonjonathan@jarvis.com,7906659232,Port Arthurmouth,MS,Cyprus,2020-10-25,True
457,Carrie,Baker,frederickandrew@hotmail.com,8947125249,Woodardhaven,AL,Iceland,2020-08-20,True
458,Randy,Rogers,ericasilva@evans.net,9516544933,Port Davidton,NV,Dominican Republic,2020-11-23,False
459,Paul,Rhodes,wwheeler@edwards.com,6389419665,East Daniel,NV,Denmark,2022-07-08,True
460,Anne,Stewart,coxcarlos@rodriguez.com,1504371854,Lake Bruce,VT,Kyrgyz Republic,2021-10-16,True
461,Matthew,Davis,kimberlyriley@yahoo.com,2080521550,New Erinstad,NV,Kazakhstan,2024-01-12,True
462,Kelly,Baker,christinamoore@bauer-thompson.com,7182040359,Woodstown,MN,Anguilla,2022-03-12,False
463,Jocelyn,Cervantes,adamsryan@taylor-johnson.com,5329199201,Rossfort,TX,Saint Helena,2021-02-06,True
464,Steve,Martin,davidfaulkner@anderson.com,6551859499,Port Jodyborough,PA,Northern Mariana Islands,2022-12-21,True
465,Valerie,Merritt,zowens@hotmail.com,5208488893,New Tonyaville,AK,Congo,2023-01-08,True
466,Keith,Blair,gentrykyle@weber.com,7211315873,New Michael,ME,Palestinian Territory,2024-12-27,False
467,Erica,Johnson,ycooper@owen-martin.com,6766497504,North Matthewberg,OR,Sao Tome and Principe,2024-07-26,True
468,Ashley,Allen,beardrachel@hotmail.com,9333809459,Nancyville,SD,Greece,2022-01-15,False
469,Lauren,Scott,leslie52@yahoo.com,0599135026,Port Patriciafort,NH,Brazil,2021-05-20,False
470,Destiny,Carney,gwood@yahoo.com,0343169658,Alexashire,NJ,Marshall Islands,2021-04-21,True
471,Rebecca,Scott,gschultz@yahoo.com,7012648141,East Juan,NC,Botswana,2021-11-01,True
472,Michael,Allen,nburke@gmail.com,5412286249,Port Jennifer,TX,Georgia,2020-11-06,True
473,Christina,Burns,victoriahall@hotmail.com,3499853353,West Heatherville,NJ,Morocco,2024-08-24,False
474,Shannon,Collins,ballardjoshua@gmail.com,4315019161,East Lisafort,PA,Portugal,2021-03-01,False
475,John,Baldwin,campbellkarla@ortiz.com,2001872082,South Chelsea,OK,Bahamas,2024-03-06,False
476,Emily,Moore,sharon28@hotmail.com,8223692037,West Janicebury,CO,Vanuatu,2021-01-30,False
477,Thomas,Green,laurapope@fitzpatrick.info,9619347903,New Theodoreport,AK,Qatar,2021-05-17,True
478,George,Wood,moonbryan@yahoo.com,5722007977,East Patrick,CA,Saint Helena,2022-08-03,False
479,Chris,Johnson,candacepalmer@yahoo.com,6001539348,West Wandachester,CT,Bulgaria,2024-12-24,False
480,Dawn,Robinson,amyandrade@yahoo.com,1014863824,Alvarezmouth,MS,Egypt,2024-10-08,False
481,Karen,Jackson,shieldsmarvin@hotmail.com,1929457520,Port Christinashire,OR,Belize,2020-12-28,False
482,Patricia,Pacheco,ofox@hotmail.com,0427127492,Rileyfort,AK,Saint Lucia,2023-03-12,False
483,Zachary,Hines,rushchristopher@yahoo.com,8720772768,North Christopherborough,NY,Tuvalu,2024-02-20,False
484,Nicholas,Franklin,fcook@gmail.com,9128760693,Sanchezside,LA,Japan,2020-08-20,False
485,Nicole,Lane,benjamindavies@scott-cameron.org,8804196344,Helenville,TN,Trinidad and Tobago,2021-05-27,False
486,Dawn,Kelly,travis17@yahoo.com,9271830608,Latoyamouth,NJ,Sierra Leone,2021-08-15,True
487,Robert,Reid,pwiley@walters-hunt.info,4461243551,Jessicaside,UT,Congo,2025-02-14,True
488,Christopher,Mckee,tylerjohnson@pena-powell.com,6142438361,New Ronaldland,MD,Saint Pierre and Miquelon,2021-08-18,True
489,Nicole,Serrano,daltonkayla@snyder-phillips.com,5891200387,Dianeport,NY,Sao Tome and Principe,2021-06-18,False
490,Paul,Zimmerman,ykelley@yahoo.com,6850860334,Lake Michaelhaven,NV,British Indian Ocean Territory (Chagos Archipelago),2024-01-06,False
491,Amber,Tate,rthomas@bennett.org,7449808026,Bergborough,IN,El Salvador,2022-08-09,True
492,Douglas,Turner,karenstuart@yahoo.com,0614771056,Molinafort,SC,Antigua and Barbuda,2024-04-08,False
493,Joshua,Hall,gmcknight@hotmail.com,1077684355,New Edward,NV,Tuvalu,2022-10-27,False
494,Steven,Moreno,jonesshawn@walker.com,0564365063,South Michael,IL,Ecuador,2020-09-01,False
495,Melissa,Frazier,cparker@fitzgerald.biz,1946344948,North Amandafort,CO,Ireland,2020-08-15,True
496,Diane,Patel,eprice@gmail.com,5839551599,South Jennifer,LA,Guernsey,2021-12-13,False
497,Lisa,Jones,newmanelizabeth@price-brown.com,9991385555,Aaronfurt,FL,Benin,2022-05-15,True
498,Kelly,Fernandez,erinreyes@bell.com,5413565844,New Loretta,PA,Mozambique,2025-03-10,True
499,Erica,Meyer,kevinevans@sexton.com,8585506562,North Ruben,OR,Aruba,2022-11-09,False
500,Ashley,Snyder,zjohnson@gmail.com,7334634739,Davismouth,MS,Turkmenistan,2021-05-09,True
501,Jeanne,Downs,ypowers@hotmail.com,5416706443,Lake Troy,VA,Azerbaijan,2021-08-10,False
502,John,Mcdaniel,gfarley@hotmail.com,6277902415,Jenniferbury,VA,Lithuania,2022-03-21,True
503,Jessica,Cannon,caleb27@gmail.com,9398067790,South Kathy,VT,Libyan Arab Jamahiriya,2023-07-09,False
504,Adam,Harris,falexander@gmail.com,7318259720,West Anthonyhaven,NV,Morocco,2020-08-16,True
505,Brendan,Chen,whiggins@gmail.com,4580330024,Port Natalieville,GA,Zimbabwe,2020-06-06,False
506,Susan,Miller,emilykrueger@yahoo.com,3645320391,North Jaredmouth,AL,Macedonia,2022-09-17,True
507,Cindy,Turner,charrison@hotmail.com,6432908913,Lake Joshua,AZ,New Zealand,2021-09-03,False
508,Eric,Hernandez,jenniferdavis@hotmail.com,5323649091,New Stephanie,VA,Bolivia,2021-01-04,True
509,Evan,Klein,kennethguerra@white.info,8857088142,North Kennethburgh,ID,Saint Pierre and Miquelon,2024-02-17,False
510,Johnathan,Contreras,tyler88@gmail.com,5258538183,Glenntown,CT,Niue,2024-10-22,True
511,Lydia,Carter,mercadojane@yahoo.com,2407210056,East Zacharyland,PA,Svalbard & Jan Mayen Islands,2023-07-31,False
512,Carla,Pittman,smithanna@yahoo.com,1194944037,Gabriellemouth,PA,Djibouti,2020-10-31,False
513,James,Watson,timothyspencer@gmail.com,6586346167,Lake Brianfurt,AK,Macao,2020-11-17,True
514,Brian,Miller,michellegreen@yahoo.com,1487293667,Michaelburgh,NJ,Bangladesh,2020-09-29,False
515,James,Zhang,jacobscharles@hammond.org,9064548364,Soniatown,MO,Indonesia,2022-11-08,False
516,Nicholas,Gallagher,dmontoya@hotmail.com,0710350245,Floresstad,SC,Bolivia,2020-10-30,True
517,Katherine,Kelley,qwilson@hotmail.com,5589561192,Heathertown,VA,Ecuador,2024-01-03,False
518,Brittany,Wallace,nicole06@mckinney.org,1990766803,Burnsberg,OR,Kiribati,2021-08-30,True
519,Benjamin,Lindsey,mayseth@gmail.com,5498607264,Lake Daniel,WV,Namibia,2022-02-03,False
520,Christine,White,julia15@gmail.com,8991192114,Frankchester,NM,Tokelau,2021-11-15,False
521,Jeffrey,Ramirez,carlevans@yahoo.com,8957963734,New Mariashire,KY,Namibia,2021-04-17,False
522,Courtney,Chan,nbyrd@gmail.com,2519612615,Cuevasstad,FL,Armenia,2024-03-09,True
523,Andrew,Hayden,delgadobridget@white.net,5481303005,Brandonmouth,CO,Guam,2021-03-23,False
524,Patrick,Greene,gregoryblair@yahoo.com,8793046419,Jillborough,AL,Uganda,2021-07-28,True
525,Jennifer,Leonard,igeorge@moore-massey.biz,3617290108,South Jose,MI,Croatia,2023-01-03,True
526,Cindy,Moon,oevans@gordon-gonzalez.com,4550052060,Brenthaven,DC,Bulgaria,2023-08-07,False
527,Robert,Dawson,gabriellemartinez@frank.com,3675786000,Vanessastad,ND,Cambodia,2024-07-25,False
528,Rachel,Johnson,princejamie@campbell.info,3204411471,New Jacobfort,OH,Cyprus,2024-03-20,False
529,Erin,Chandler,vlindsey@chapman.net,4646172628,West Williamview,MD,Sudan,2024-02-29,False
530,Jacqueline,Mejia,petersjimmy@lopez.com,7392331952,Adamsbury,WA,Mali,2024-07-30,False
531,Thomas,Cochran,tommygomez@gmail.com,1295656589,Thompsonstad,AK,El Salvador,2020-10-20,True
532,Ashley,Velez,dixonjohn@hotmail.com,5379301138,Turnerhaven,LA,Guatemala,2022-12-28,True
533,Katherine,Reid,yangbeth@yahoo.com,7813973471,North Ryanton,TX,Nauru,2020-11-24,False
534,Patrick,Flores,hjones@yahoo.com,3855554401,New Robinberg,TN,Saint Martin,2021-02-18,False
535,Brett,Johnson,stevenwu@gmail.com,7519188630,Nelsonberg,MS,Brunei Darussalam,2022-11-13,False
536,Tiffany,Green,ryan33@cooke.biz,0035356738,South Jennifer,KY,Comoros,2024-04-05,True
537,Andrea,Nichols,wrodriguez@jackson-welch.com,8041744135,Brittanyville,TX,Sweden,2020-12-28,False
538,Katrina,Welch,diane40@franco.com,0171096767,East Laurenshire,CT,Austria,2024-07-13,True
539,Roger,Oconnell,shane32@payne-wall.com,3297076867,New Linda,IN,Puerto Rico,2021-03-19,False
540,Carlos,Harvey,tracy55@hotmail.com,5866361339,Jacobchester,NV,United Kingdom,2025-03-26,True
541,John,Johnston,tlucero@hotmail.com,2682975716,New Katherine,ME,Vietnam,2024-09-01,False
542,Anthony,Cross,joshuameza@perez-pena.org,3182214293,South Marymouth,ID,Montenegro,2021-11-14,False
543,Benjamin,Perez,anthonywhite@guzman-bates.net,0163141123,Joannaberg,ND,Brunei Darussalam,2023-01-26,True
544,Susan,Turner,fglover@white.net,2320356213,Jamiefurt,UT,Malta,2024-01-25,True
545,Shawn,Mcintyre,jessicawalsh@perez.net,4197852803,Lake Karen,ME,Macedonia,2021-05-31,False
546,Theresa,Wilkins,richardcook@smith-sanchez.com,0296689814,Brownborough,SC,Belarus,2021-08-02,False
547,Mary,Rogers,comptontracy@hotmail.com,1301770764,Brittneyshire,PA,Nigeria,2020-07-24,True
548,Jeremiah,Williams,michael27@hernandez.com,8179401047,Jamesstad,SC,Chad,2021-08-12,True
549,Adam,Townsend,tina61@hardin.com,8384992879,North Gabriellaville,RI,Samoa,2024-12-20,True
550,Anthony,Boyd,danajennings@wells.biz,8089152500,Vegamouth,NH,French Southern Territories,2023-12-05,True
551,Timothy,Shannon,daniel61@gmail.com,8864486886,Davidport,NC,British Virgin Islands,2021-09-15,False
552,Antonio,Clarke,eddiewarner@mitchell-smith.com,2234808082,Swansonville,OH,Marshall Islands,2025-02-18,False
553,Lynn,Miller,sarahspence@hotmail.com,6564161698,West Jacqueline,MI,Poland,2020-11-04,True
554,Cameron,Stokes,ericstephenson@gmail.com,8408470824,Harrisland,NY,Seychelles,2025-03-30,False
555,Jim,Hansen,harriscassandra@hotmail.com,0178458307,Melissaburgh,WV,Kenya,2025-02-05,True
556,Danielle,Woods,jonesandrew@hotmail.com,7343022881,Sextonside,NC,United Arab Emirates,2024-12-11,False
557,Monique,Matthews,andrewfischer@olson-horton.com,8276651279,Lake Kimberly,MA,United Kingdom,2022-08-23,False
558,Ashley,Cervantes,rachelhill@hotmail.com,8382202322,East Michaelbury,CA,Saint Kitts and Nevis,2021-08-17,False
559,William,Brown,morrowronald@yahoo.com,0594455791,Murphyberg,NV,Iceland,2020-11-20,False
560,Michael,Colon,mgardner@rivera.org,6596291532,Nealport,DC,Faroe Islands,2022-07-26,False
561,Alexandra,Nicholson,williamgutierrez@yahoo.com,6135435871,Smithmouth,WV,Palestinian Territory,2021-04-11,False
562,Leonard,Castro,coleashley@avery.com,7939080612,West Stephanie,MA,Guam,2022-02-22,True
563,Michael,Scott,rallen@gmail.com,9515928714,East Dawnton,LA,Ecuador,2023-06-29,True
564,Stephanie,Olson,tiffanyfrederick@hotmail.com,3003027127,Port Susanchester,AZ,Austria,2023-11-24,True
565,Jennifer,Bradford,alexanderyoung@yahoo.com,2563883163,New Cheryl,TN,Malaysia,2023-04-22,True
566,Brandi,Fitzgerald,curryjames@yahoo.com,1588949998,South Randy,AR,Monaco,2024-01-14,False
567,Xavier,Lewis,ashley93@campbell.com,8643763981,Peckview,IA,Finland,2023-03-26,False
568,Bailey,Mills,tjimenez@yahoo.com,5703521499,Taylorfort,WI,Nauru,2023-03-01,True
569,Kelly,Gill,mendozarickey@smith.org,3405456571,New Danielborough,AK,Trinidad and Tobago,2022-10-10,True
570,Kevin,Robinson,murphyjonathan@gmail.com,5385242079,Mikeborough,OR,Denmark,2024-12-16,False
571,Angela,Ruiz,jasonbenson@johnson-wilson.org,6311522942,Lake Phillipland,NV,Montserrat,2024-08-08,True
572,Jerome,Wright,alison54@yahoo.com,0353140905,Clarkchester,RI,Mongolia,2021-04-03,False
573,Lori,Phillips,kimrusso@gmail.com,9291833082,Dunnville,MI,Nepal,2023-04-07,True
574,Wendy,Smith,xmosley@hotmail.com,4642900230,Johnberg,NM,Israel,2025-04-20,True
575,Lawrence,Ballard,robertochoa@franklin.com,4172158845,New Lisa,AR,Mali,2021-03-23,False
576,Amy,Bridges,wlawrence@hotmail.com,8478204821,Jordanton,NE,Moldova,2022-08-05,True
577,Stephanie,Castro,samanthaarmstrong@crawford.com,4672766172,Brianfurt,DC,Nigeria,2025-04-25,False
578,Cheyenne,Pugh,jgriffin@love.com,8737780115,North Paulafort,ND,Saudi Arabia,2023-04-24,False
579,Noah,Snow,caitlinkaiser@hotmail.com,8179485724,Port Danielle,WI,Timor-Leste,2023-02-20,False
580,Donald,Nguyen,john65@yahoo.com,4584364626,Lake Timothy,AL,United Kingdom,2023-08-11,False
581,Christopher,Dennis,howelljohn@stone-davis.net,0272404849,Lake Amandaport,NE,Samoa,2022-07-21,False
582,Levi,Santos,onelson@warren-kaufman.com,4798702990,South Brandon,MS,Sierra Leone,2021-09-15,True
583,Traci,Lewis,mark32@boyd.com,0213118479,Jaymouth,VT,Nicaragua,2024-09-24,True
584,Joseph,Williams,joshua59@gmail.com,4053499536,North Rhondafort,NE,Gibraltar,2020-08-08,True
585,Brittany,Houston,bonillarita@hotmail.com,6003874568,Barryburgh,SD,Guam,2023-09-10,False
586,Debbie,Rodriguez,bryan03@yahoo.com,9604442477,South Catherine,TX,Rwanda,2023-12-20,True
587,Kenneth,Cruz,michaelortega@lane.com,5474997141,New Lisaville,MN,Sudan,2023-12-06,False
588,Pamela,Fitzpatrick,martinezmary@yahoo.com,8590834437,Gregoryborough,AR,Saint Vincent and the Grenadines,2023-08-24,True
589,Daniel,Best,tylerlee@adams-peters.com,5758422997,South Kenneth,KY,Kenya,2023-01-20,True
590,Kimberly,Campos,pkim@yahoo.com,4484643371,Lynchbury,MS,Greenland,2024-01-30,False
591,Jessica,Ferguson,grimesanthony@gmail.com,5119652957,Bryanstad,AR,Saudi Arabia,2023-02-21,False
592,Daniel,Wheeler,rodriguezanthony@yahoo.com,7390814980,North Colton,ID,Cuba,2023-06-13,True
593,Shelby,Schmidt,williamsonjoseph@yahoo.com,5509865280,Youngfurt,DE,Lithuania,2022-02-18,False
594,Ricardo,Gould,kgibson@hotmail.com,1236863723,East Howardmouth,WA,Seychelles,2025-02-06,False
595,Amber,Hicks,sethgibson@gmail.com,3190686225,Antonioport,VT,Peru,2024-04-13,True
596,Paul,Rubio,melissahuff@gmail.com,7806626502,North Marisa,PA,Taiwan,2022-01-12,False
597,David,Wright,edward81@williams.com,8375037936,Karenbury,NJ,Martinique,2025-02-27,False
598,Jennifer,Pierce,yolandaandrews@potts.com,2816665760,West Deborahberg,DC,Cote d'Ivoire,2023-12-31,False
599,Gloria,Dunlap,jeremybennett@gmail.com,9812975179,Joshuamouth,HI,Chile,2023-09-05,True
600,Leslie,Olson,ashields@yahoo.com,0233220401,Ricardofurt,MS,Korea,2024-08-18,True
601,Scott,Davis,mtaylor@sutton.com,8031549095,East Catherineview,WA,Cyprus,2023-12-25,True
602,Michael,Ortiz,jreilly@gmail.com,1448306768,New Michael,AL,China,2021-05-18,False
603,Richard,Parker,amy65@santiago.biz,4082252423,Haaston,LA,Panama,2024-03-13,False
604,Loretta,Howard,bcarlson@contreras.info,7803966002,Emilyside,MT,Tokelau,2021-08-03,True
605,Christina,Davila,leslie32@yahoo.com,4174933488,Cruzland,FL,Sudan,2021-04-26,False
606,Theresa,Cunningham,leerobin@hotmail.com,0753575426,Smithmouth,AK,Bosnia and Herzegovina,2022-05-28,False
607,Stephanie,Little,harold30@holloway-miller.com,7239914421,West Brittany,CA,Sao Tome and Principe,2021-11-19,True
608,James,Bell,melissabishop@clark-sandoval.info,4652741020,South Jeffreymouth,MS,Uganda,2022-01-14,False
609,Matthew,Benton,susannelson@gmail.com,1971270366,West Danielside,MD,Kiribati,2022-03-31,True
610,Katherine,Rivera,smithadam@hotmail.com,9646815915,New Paulshire,WY,Monaco,2025-04-26,False
611,Charles,Livingston,robyn53@bishop.com,9735527028,Port Melindamouth,FL,China,2021-05-06,True
612,Corey,Pope,bradykaren@hotmail.com,5417138128,South John,ME,Antigua and Barbuda,2023-05-02,False
613,Brian,Ramos,stephenburke@gmail.com,0288328760,Lake Joseph,RI,Guyana,2020-07-02,True
614,Justin,Jones,evaughn@hickman.info,6408896247,Youngstad,AL,Bahamas,2022-03-19,True
615,Stephanie,Cox,andreamoore@gmail.com,5869730047,East Kristenbury,MS,Saint Lucia,2022-07-15,False
616,Christopher,Huber,kennethgibson@carr-gonzalez.com,6597675294,New Monicastad,MI,Cook Islands,2021-07-17,False
617,Megan,Johnson,mccoyann@burton-gonzales.com,6108563594,Moorechester,WV,Saint Martin,2020-06-11,False
618,Denise,Huff,brooksjeffrey@foley.net,5283008727,Port Erica,MS,Egypt,2022-10-18,False
619,Kent,Thompson,wschmitt@lucas.com,5061372205,Port Laurenbury,NV,Tajikistan,2023-03-22,True
620,Gabriel,Mason,sean42@gmail.com,0219965439,East Michaelbury,NY,Pitcairn Islands,2022-08-28,True
621,Stephen,Mcfarland,wesleyjohnson@hotmail.com,0458114777,Jonmouth,OH,Burundi,2024-07-07,True
622,Benjamin,Banks,snyderscott@hotmail.com,7476455040,Byrdview,AK,Norfolk Island,2024-07-02,False
623,Brandon,Hall,villarrealjohn@yahoo.com,1004060065,East Ashley,OR,Congo,2024-07-24,False
624,Dennis,Marsh,tara96@doyle-cooley.com,3082052263,Watsonview,OK,Dominica,2023-03-27,True
625,Christopher,Bradley,emorris@gmail.com,0348082684,New Cody,WA,Heard Island and McDonald Islands,2024-10-04,False
626,Eric,Lawson,seanpierce@yahoo.com,6272324045,Port Richard,MN,Jersey,2022-01-08,True
627,Michael,Castro,samanthasimpson@paul.com,4360692113,New Thomaschester,KY,Cote d'Ivoire,2021-11-01,True
628,Jessica,Scott,freemanmatthew@taylor.org,4983495745,Lake Nicole,IN,Jamaica,2023-04-04,False
629,Jeremy,Jackson,steventorres@simmons.org,2480128165,Kingberg,CT,Benin,2024-02-28,False
630,Lisa,Daniels,rebeccasanders@martin.com,6514598894,Port Robert,ND,Liechtenstein,2024-11-06,True
631,Lindsay,Mason,guzmandavid@hotmail.com,9424531249,Christopherside,KS,Ukraine,2021-09-24,True
632,Andrew,Stanley,nunezheidi@gmail.com,1379016016,New Johnside,MT,Slovenia,2024-03-15,False
633,Brenda,Graham,jessica22@roberts.com,6722336329,Jonesburgh,SD,Spain,2021-12-10,False
634,Ronald,Garcia,jacksongail@hotmail.com,4688308191,South Ericville,ND,Saint Lucia,2025-04-15,False
635,Tyler,Best,phillipmarsh@hotmail.com,9121695191,North Amberfort,CA,Serbia,2021-02-12,True
636,Timothy,Mclean,amandaliu@hurley.com,3712033102,Port Wandaton,DE,Libyan Arab Jamahiriya,2022-07-30,False
637,Edwin,Perez,wardbrett@hotmail.com,9276870927,South Holly,OH,Myanmar,2024-03-31,False
638,Jacqueline,Dickerson,lindseywebb@yahoo.com,8995413079,South Stephanie,IL,Oman,2024-08-08,False
639,Ian,Perez,carolyn35@gmail.com,5155579533,New Mckenzie,NY,Burundi,2020-09-09,False
640,Rachel,Lowe,martinezjeffrey@gmail.com,6612122962,West Williamberg,VT,Serbia,2020-12-28,True
641,Matthew,Chen,martinezbrianna@morales.org,1233655872,Kevinburgh,MI,Turkey,2024-03-21,False
642,Matthew,Powell,travis14@gmail.com,8453775909,Carrollburgh,ID,Mongolia,2020-11-17,False
643,Austin,Wilson,mjones@roy.com,6695651519,Parkerfurt,CA,Luxembourg,2020-11-10,True
644,Jamie,Holt,gomezjose@smith.com,7834798940,Heatherport,TX,Cambodia,2021-03-13,False
645,Scott,Stephens,maryking@yahoo.com,1130602523,Port Jaclyn,ND,Ecuador,2021-01-31,False
646,George,Gray,walkerashley@gmail.com,3721010534,South Dalton,LA,Mongolia,2023-04-24,False
647,Keith,Warner,pmartinez@reed.com,4500656468,East Antonioshire,MS,Jamaica,2024-02-24,True
648,Tony,Mayer,zachary90@gmail.com,1526517455,Holtfort,AK,Wallis and Futuna,2022-02-23,False
649,Christine,Navarro,gstafford@lewis-diaz.com,4629629108,Jennifermouth,TN,Russian Federation,2024-06-30,True
650,Dana,Payne,morrisjerry@stephens.org,8817301815,Blakefort,IL,Argentina,2021-06-19,False
651,Christopher,Gibson,flynnemily@day.com,9128434088,Normanside,TN,Kiribati,2025-01-27,False
652,Anna,Contreras,olivia12@yahoo.com,5056892312,Melissachester,WI,Ukraine,2024-08-17,False
653,Jeffrey,Randall,ocurry@yahoo.com,9298264937,Hardyport,NH,Kuwait,2023-07-05,True
654,Kelly,Krause,heather87@bishop.net,1163801517,New Charlesshire,SD,British Indian Ocean Territory (Chagos Archipelago),2022-09-28,False
655,Gregory,Robles,michaelmartinez@hotmail.com,6067830602,East Donaldton,IL,Bolivia,2022-07-30,True
656,Mason,Hall,waynemunoz@jones-davis.com,1891903074,South Elizabethmouth,TX,Aruba,2020-08-12,False
657,Chad,Murphy,margaret02@brown.org,8939149631,Whitneyton,MN,Singapore,2023-07-31,True
658,Renee,Caldwell,carlynelson@gmail.com,0785568441,Amandaview,ME,Uganda,2021-06-08,True
659,Timothy,Richardson,athomas@harris.com,4593863630,Millerton,KS,French Guiana,2020-12-08,False
660,Micheal,Alvarado,isnyder@yahoo.com,2847507776,Kirkfort,MT,Congo,2021-02-01,False
661,Jason,Floyd,kiddmichelle@hartman.biz,0284506293,Lindamouth,NV,Western Sahara,2023-12-15,False
662,Brian,Robertson,rarmstrong@ray.info,1283712210,South Micheleburgh,NV,Peru,2021-12-07,False
663,Antonio,Ware,ksmith@hotmail.com,1392122908,Lake Haley,AL,Maldives,2025-01-05,True
664,William,Barton,ysmith@gmail.com,3641670232,Port Steven,FL,Marshall Islands,2020-07-28,False
665,Bruce,Werner,ycastro@yahoo.com,6727592233,East Michael,AR,Georgia,2023-10-15,True
666,James,Johnson,michaelwelch@yahoo.com,8825012912,East Michaelburgh,MS,Kenya,2020-09-18,False
667,Lawrence,Rodriguez,christopheranderson@johnston.com,9032541103,Danielville,GA,Niger,2022-05-23,False
668,Christy,Thornton,jacksoncharles@gmail.com,8366531366,Ashleytown,CO,Belgium,2023-07-31,False
669,Jose,Huber,sarah84@gmail.com,9895093632,Port Nathanmouth,GA,Japan,2021-01-10,True
670,Gregory,Brown,aliciaturner@schmidt-jones.com,0286940029,Griffinfurt,NY,Liberia,2021-01-13,True
671,Holly,Wilkins,peggy76@gmail.com,9014311594,East Erikastad,OR,Suriname,2020-06-07,True
672,Linda,Allen,scottmichelle@love-martinez.com,4801248511,West Valerie,MI,Lithuania,2023-08-20,True
673,Albert,Fisher,marvin59@gmail.com,8848995471,Yolandashire,NE,Albania,2023-02-25,False
674,Alex,Sanders,brandymoore@marks.com,0249748477,Mariafurt,WA,Kenya,2021-03-01,False
675,Katherine,Mills,nicholaspruitt@gilmore-barrera.com,4299212764,Ramirezside,VT,Yemen,2024-04-28,True
676,Gina,Deleon,robertlucero@davis.net,6688832642,Garciamouth,HI,Czech Republic,2023-10-21,True
677,Meagan,Thompson,howard74@obrien.com,3199097370,Port Jonathan,NM,Germany,2023-10-05,False
678,Susan,Yu,sfisher@aguilar-willis.com,3971650181,Michelleburgh,RI,Kenya,2021-07-02,True
679,Peter,Sanchez,jennifermendoza@gmail.com,2887185524,New Amyburgh,CO,Bouvet Island (Bouvetoya),2020-10-02,False
680,Dana,Fox,dholmes@harmon-brown.biz,2030343865,South Sherry,HI,Dominican Republic,2022-04-01,True
681,Lawrence,Evans,clarkmichelle@hotmail.com,6497120385,Port Nicholasmouth,OK,Norfolk Island,2024-09-15,False
682,Erin,Johnson,mariarosario@morales.org,6317928048,West Joseph,KY,Tuvalu,2021-07-12,True
683,Crystal,Taylor,jessicalee@hotmail.com,2718221988,Lake Janiceport,AK,Western Sahara,2024-06-23,True
684,Christina,Sawyer,nelsonjack@montgomery-melton.com,5842874975,New Sandrabury,LA,Afghanistan,2024-11-04,True
685,Stefanie,Nelson,stewartbarbara@gmail.com,4754153178,New Alexistown,WV,Jordan,2023-10-18,True
686,Michelle,Gay,david18@hotmail.com,6670261571,Benderhaven,MN,Anguilla,2021-08-23,False
687,John,Payne,guerrerolindsey@hotmail.com,6022762094,Veronicaton,AK,Syrian Arab Republic,2024-12-20,True
688,Paige,Ward,wjones@gmail.com,7388552501,Vargashaven,SD,Fiji,2025-01-16,False
689,Tiffany,Rose,smithamber@thomas-ellis.info,7110987458,Port Isaacland,MD,Finland,2022-06-30,False
690,Stephen,Stevens,amber46@delgado-brown.biz,7153034146,North Nicolefurt,RI,Spain,2022-03-22,False
691,Susan,Green,dharrison@johnson.com,0075158497,West Wendy,KY,Greece,2020-07-23,True
692,Robert,Caldwell,anna71@hotmail.com,0521548782,Ryanfort,NE,Netherlands Antilles,2023-02-15,True
693,Andres,Gallegos,kellie16@gmail.com,8449592247,East Allen,NY,Palestinian Territory,2024-09-27,True
694,Robert,Lewis,stuart54@hotmail.com,0053842698,West Williamburgh,NV,Mongolia,2021-03-27,False
695,Stephen,Prince,karina83@lee.org,4045516206,Sharonstad,DC,Papua New Guinea,2021-04-14,True
696,Roger,Hurley,susanstone@larson-zhang.com,6244165532,Boothport,ND,Gibraltar,2022-07-10,True
697,Matthew,Sanchez,johnbrown@ball.com,0291462874,Washingtonchester,WA,Burkina Faso,2020-12-06,True
698,Sydney,Cruz,ginaking@hotmail.com,0280187761,Port Markshire,WI,Israel,2020-08-15,True
699,Juan,Cain,christopher69@brown-martin.org,5627215877,South Jamesview,OK,Trinidad and Tobago,2023-09-29,True
700,Ross,Campbell,erikaortiz@hotmail.com,2650844752,Doyleland,NJ,Haiti,2024-05-07,False
701,Daniel,Simpson,woodmary@hotmail.com,9521566186,Lake Bryan,NM,France,2020-07-06,True
702,Elizabeth,Davis,johnsondevin@jackson-casey.net,8254763552,Thomaston,UT,Canada,2020-11-28,True
703,Monica,Booker,timothy76@thomas.net,1757628137,West Kathleenbury,VT,Antigua and Barbuda,2022-08-10,False
704,Caroline,Boyd,ltanner@hotmail.com,1930156805,Lake Justin,MI,British Indian Ocean Territory (Chagos Archipelago),2020-12-04,False
705,Steven,Stark,tammy67@fox.info,0682704749,West Michael,SC,Burundi,2024-10-27,False
706,Glenn,Duncan,kimberlyarcher@brown.com,7865109624,Lake Krystal,CA,Tonga,2024-09-07,False
707,Mary,Adams,brian59@yahoo.com,6418721919,Nelsonview,KS,Sweden,2024-05-11,True
708,Michael,Cameron,umendoza@hotmail.com,5747555737,Ryanbury,VT,Ukraine,2024-06-07,False
709,Kyle,Robbins,qbaldwin@reid.biz,3892804618,Lake Andrewborough,IL,Libyan Arab Jamahiriya,2023-04-15,False
710,Margaret,Jones,nicoleburns@coleman.com,4264065261,Lutzton,NM,Congo,2021-09-09,False
711,Erin,Johnson,roblesmaria@yahoo.com,6421679050,East Angelport,MO,Saint Pierre and Miquelon,2021-07-02,False
712,Christina,Hart,qhines@short-williams.com,5098916747,Danielleview,LA,Swaziland,2022-03-08,True
713,Donald,Moore,raymondcrane@yahoo.com,4634949891,South Garyville,CT,Turkey,2024-12-15,False
714,Michelle,Norman,imonroe@hotmail.com,1775540389,New Dale,GA,India,2024-10-30,False
715,Brittany,Sanchez,charles34@hotmail.com,8658201367,Lake Juanbury,NE,Singapore,2023-04-20,False
716,Melvin,Reeves,murphydanny@hamilton-flores.com,5139337543,New Richardstad,DC,Nigeria,2021-06-09,False
717,Cindy,Dodson,maria40@gmail.com,9239113674,East Alyssa,HI,Afghanistan,2020-08-20,True
718,Sean,Whitaker,fpoole@gmail.com,3692065481,Davidfurt,NM,Kazakhstan,2021-12-31,True
719,Sarah,Ayers,bsoto@hall.net,1965330843,Cannonburgh,VT,Martinique,2022-03-08,False
720,Daniel,Cole,qhaney@sims-thompson.com,3656006389,Stevenshire,VT,Cyprus,2024-09-13,False
721,Jacob,Douglas,tmartin@gray.net,2188861599,Longstad,MT,Ethiopia,2020-06-06,True
722,Savannah,Johnson,sarahjackson@gmail.com,6727927708,Smithhaven,IN,Eritrea,2022-01-13,False
723,Jessica,Munoz,bryantdawn@perry.info,6409438908,East Chadstad,TX,Angola,2022-04-23,False
724,Anthony,Campbell,bwest@yahoo.com,7544047082,New Alicia,MD,Lesotho,2021-01-13,True
725,Edwin,Butler,victoriagraham@jones-tran.com,1567725086,New Victoria,WA,Jordan,2024-03-01,True
726,Lori,Webb,williambeck@keith-delgado.com,8449397652,Port Nicholas,IA,Maldives,2023-01-16,True
727,Ryan,James,atkinsholly@yahoo.com,1451543778,Michaelport,MI,South Africa,2022-02-24,True
728,Nicholas,Martinez,oscarpena@hotmail.com,9471083134,Davidberg,AZ,Cuba,2024-05-05,True
729,James,Ewing,julie25@stewart.com,2769960310,Boylebury,CO,Puerto Rico,2021-03-01,False
730,Brenda,Jackson,qsmith@hotmail.com,2308993971,Fitzgeraldfort,DE,South Georgia and the South Sandwich Islands,2021-12-15,True
731,Ryan,Rodriguez,volsen@tran.com,5499710165,East Brucemouth,KY,Jersey,2023-05-06,False
732,Amy,Martinez,phoover@yahoo.com,9322254765,Tonyshire,TX,Ethiopia,2021-12-09,False
733,Whitney,Wagner,dhouse@hotmail.com,4917136053,Fletcherstad,KS,Guadeloupe,2020-10-12,True
734,Patricia,Ellis,wallacebrandon@rowe.info,1922480120,East Jameschester,KY,France,2021-07-14,True
735,Ethan,Ross,palmerchristine@hicks.com,7277100521,Amberborough,MS,South Georgia and the South Sandwich Islands,2023-07-27,True
736,Phyllis,Castillo,toddjacob@yahoo.com,8117162343,Cannonport,IL,Cambodia,2021-07-01,True
737,Heather,Hudson,garrisonthomas@watkins.com,0641086441,Sweeneystad,VA,Montenegro,2025-05-11,True
738,Alan,Tate,amandafisher@yahoo.com,9375921010,Hodgeton,KY,Cameroon,2021-11-16,False
739,Sarah,Robinson,craig16@deleon-flynn.com,3750657917,Port Joshua,KY,Gibraltar,2024-06-05,False
740,Joshua,Garcia,jacqueline64@gonzalez.com,6375298876,Andreaport,IN,Papua New Guinea,2024-01-27,True
741,Austin,Jones,hernandezmary@yahoo.com,1584738820,Jennifermouth,SD,Georgia,2022-12-02,True
742,Beth,Brown,davidgibson@gmail.com,9935475279,Allenborough,VA,Tajikistan,2023-09-13,False
743,Carl,Warren,victoria51@miller.com,6459516561,West James,ME,Nicaragua,2022-04-20,True
744,Brent,Hill,conwaypatrick@burke.com,1166529790,Kellymouth,ND,Turkmenistan,2020-09-15,True
745,Carlos,Novak,saundersdawn@yahoo.com,2649641554,Richardsonfurt,MD,Turks and Caicos Islands,2021-10-15,False
746,Jon,Joyce,megan61@hotmail.com,1616391531,Whitemouth,IL,Hong Kong,2022-02-10,False
747,Jennifer,Vargas,mnewton@hotmail.com,9164859603,Lake Kaitlyn,MS,Israel,2020-07-27,False
748,Lauren,Cummings,jesse88@hotmail.com,4898568360,Marystad,DE,Colombia,2020-12-18,False
749,Stephanie,King,kathleenhicks@hotmail.com,9037883400,Dukemouth,WV,Liechtenstein,2021-02-14,True
750,Andrea,Fields,wardeddie@gmail.com,3976587028,Roseside,CT,Zimbabwe,2024-07-13,True
751,Jessica,Leach,calebgonzalez@terry-williams.com,6521596522,Stephenville,ID,Myanmar,2024-12-10,False
752,Diana,Martinez,lopezjonathan@hotmail.com,7631909703,Port David,OR,Singapore,2024-04-04,False
753,Allison,Stewart,qmason@davis.biz,6606743688,Harrisstad,OR,Norway,2024-08-09,True
754,Angela,Williams,ejohnson@yang.com,5930256314,Lake Suzanne,DC,United States of America,2023-06-22,True
755,Jessica,Herrera,grantdiane@gmail.com,1187276779,Smithborough,OK,Guinea,2021-04-05,False
756,James,Thomas,joshua68@yahoo.com,9151210788,Herrerastad,NY,Solomon Islands,2022-11-09,True
757,Jason,Anderson,cameronshaw@jefferson.net,8226297931,Lake Deniseshire,AZ,Hungary,2022-12-27,False
758,Eric,Williams,sean87@yahoo.com,8887149492,Lake Cristina,DC,Brunei Darussalam,2021-08-17,True
759,Patrick,Snyder,gavinzuniga@lester.com,3492965799,West Kristinmouth,NJ,Rwanda,2023-07-18,False
760,Sandra,Harrington,frankwheeler@yahoo.com,0625513407,West Aaronmouth,AZ,Netherlands,2021-12-01,False
761,Virginia,Montoya,george29@yahoo.com,9466251930,East Scotthaven,TN,Syrian Arab Republic,2022-06-06,False
762,James,Brown,apeters@bowman.com,1715330268,East Alicia,UT,Kiribati,2024-12-21,False
763,Todd,Edwards,lewismatthew@clayton.net,7555222342,Hammondside,CA,Heard Island and McDonald Islands,2021-05-21,False
764,Robert,Richmond,robertwaters@brown.com,0618713858,East Annaville,HI,Latvia,2021-04-02,False
765,Maria,Porter,jonessandra@adkins.org,4017446897,Port Timothyland,MN,Colombia,2021-12-08,False
766,Deborah,Berry,monica21@arnold.info,0605032611,North Cody,VT,Antarctica (the territory South of 60 deg S),2023-01-05,False
767,Thomas,Diaz,umartin@hotmail.com,6431404413,Dustinstad,MD,Kenya,2023-01-02,False
768,Wayne,West,lindsey78@thomas-mueller.com,4739736179,Cynthiaview,KY,Ukraine,2021-03-02,False
769,Antonio,Bell,ireed@mendez.biz,7611824145,Amandashire,AK,Jersey,2025-03-22,True
770,Christina,Butler,roberto72@bell.com,8112164356,Normanport,DE,Canada,2023-12-21,True
771,Pamela,Scott,abaker@yahoo.com,6749868795,Pughburgh,MD,Andorra,2024-12-01,False
772,Benjamin,Duarte,tjones@olsen.biz,0507183320,East Glennville,OR,Guernsey,2023-10-28,True
773,Rodney,Ward,fcarroll@gmail.com,7102548652,Joshuahaven,NJ,Sao Tome and Principe,2023-05-18,True
774,Molly,Robertson,edwardsrobert@yahoo.com,5683818226,Lake Tinaport,CT,Saint Kitts and Nevis,2021-02-11,False
775,Anthony,Hernandez,wagnerjames@gmail.com,0765280303,Andrewland,GA,Gambia,2024-08-27,True
776,Michele,Harris,andrew56@griffin.org,4299124552,Ravenview,ME,Guinea,2020-06-02,False
777,David,Henson,meltonandrea@brock.info,7660155940,Port Davidfort,OH,Romania,2024-09-27,False
778,Gabriel,Chapman,michael34@hotmail.com,1643161716,Timothyshire,IL,Japan,2023-11-19,False
779,Dillon,Adams,antoniorussell@hotmail.com,3748158954,Karistad,MT,Liechtenstein,2021-11-07,False
780,Kevin,Carr,coxnicole@martin-smith.com,5692533863,New Antoniotown,NC,Brunei Darussalam,2025-04-15,False
781,Allison,Mitchell,jacob04@hotmail.com,4732207685,Hillmouth,AZ,Thailand,2020-10-23,False
782,Kevin,French,larsensteven@yahoo.com,4327017771,Joshualand,AK,Heard Island and McDonald Islands,2024-04-01,True
783,Kevin,Bradshaw,smithlindsey@gmail.com,1676927117,South Amyburgh,NE,Saint Martin,2021-11-13,True
784,Ernest,Osborne,carolhoward@gmail.com,0993500462,Courtneyfort,PA,Panama,2024-10-17,True
785,Charles,Turner,boyleannette@yahoo.com,1310298964,East Kathrynport,VA,Barbados,2021-09-30,True
786,Robert,Black,whitejoseph@zimmerman-torres.com,8942008497,Thomasview,OH,Benin,2022-05-28,True
787,Sara,Rodriguez,hfrye@gmail.com,8211918019,New Jenniferland,OK,Burundi,2021-08-03,False
788,Michael,Jones,hjackson@perry.biz,9357758134,New Nicholas,ID,Western Sahara,2025-01-21,True
789,William,White,rachelgonzalez@yahoo.com,8666788585,Douglasville,LA,Armenia,2024-05-07,True
790,Kelly,Cortez,zyoung@parker.com,3444204890,Williamston,SC,Bahamas,2020-05-27,False
791,Nathaniel,Jackson,arthur20@bowers.net,8648095034,Kimtown,HI,Benin,2023-01-15,True
792,Scott,Norman,simsalison@frost.com,7927596279,Coffeyberg,MT,Ecuador,2024-09-20,True
793,Dylan,Rios,meganpowers@smith.net,4022609465,Port Keithville,SD,Samoa,2021-10-08,True
794,Samuel,Clark,jenniferayala@hotmail.com,3826994636,North James,MN,Nicaragua,2021-02-19,True
795,Lori,Wilkerson,chavezkathleen@gmail.com,7094220635,Meyermouth,IL,Swaziland,2021-07-06,False
796,Kyle,Nash,diazbrian@gmail.com,1304999872,North Joel,NM,Tonga,2025-05-02,False
797,Daniel,Barr,joneshunter@yahoo.com,7422977217,Deleonburgh,OR,Puerto Rico,2021-08-01,True
798,David,Parker,barbaraowen@yahoo.com,4075905167,South David,HI,Liberia,2022-10-30,False
799,Matthew,Kelly,tamarawilson@yahoo.com,4397708812,Richmouth,LA,Tunisia,2021-01-12,False
800,Gregory,Wells,qmichael@randall.biz,5863578164,Michaeltown,IA,Austria,2023-10-04,True
801,Reginald,Stevens,ofarrell@davis.info,8895534961,Williamstown,NC,Argentina,2023-03-20,True
802,Brian,Harmon,elizabethfisher@yahoo.com,8064429912,North Brianchester,NJ,Bulgaria,2020-11-06,True
803,Alex,Chandler,melissa65@yahoo.com,2290561580,Johnsonstad,TX,Ghana,2024-10-10,False
804,Michael,Best,michaelbrent@hotmail.com,4155296755,Matthewville,ME,Thailand,2021-09-22,False
805,Katherine,Graham,jonathanwilliams@gmail.com,9679812919,South Williamtown,MD,United States Virgin Islands,2024-08-20,True
806,John,Burns,elizabethduke@hotmail.com,0330165058,Grantstad,NM,Benin,2025-03-12,False
807,Eric,Gonzales,nicoleroberts@gmail.com,1438603920,Wilsonview,MS,Lesotho,2024-01-08,False
808,Nathan,Sanchez,nicholasbrandt@gmail.com,3891200947,East Brandy,FL,United Kingdom,2022-08-13,False
809,Matthew,Hodge,jeremy91@yahoo.com,7613400846,New Mercedesland,SC,Congo,2023-11-07,True
810,Monica,Johnson,judymarquez@gmail.com,3336671257,South Kathryn,CO,Poland,2023-12-29,False
811,Jason,Ford,crosbyjulie@gmail.com,3563028573,Port Reginaborough,TN,Liberia,2021-07-10,False
812,Steven,Kelly,zjohnson@yahoo.com,0184295867,Michaelshire,ND,Kazakhstan,2023-04-03,True
813,Jessica,White,iarnold@lester.com,9683139301,Karenville,KY,Svalbard & Jan Mayen Islands,2023-07-09,True
814,Kristin,Logan,lochoa@yahoo.com,9625590992,Simmonsville,KY,Turks and Caicos Islands,2024-05-17,False
815,Christie,Silva,samuel13@gmail.com,5083357651,Jenniferchester,ID,Australia,2021-08-29,False
816,Justin,Hoover,charles53@gmail.com,1227145378,East Justinside,TN,Kuwait,2025-03-04,False
817,Shannon,Brown,kerrywhite@jensen-walters.net,1651263814,Josephburgh,MN,Samoa,2022-09-27,False
818,Christopher,Mercado,ramosabigail@yahoo.com,7994236606,Mariastad,OR,Panama,2022-12-09,True
819,Erica,Waters,valdezglen@yahoo.com,9446151912,West Garyfort,ND,Israel,2024-01-11,True
820,Nicholas,Robinson,nwilliams@king.biz,0639503109,Lloydhaven,ND,Nigeria,2022-05-29,False
821,Lucas,Roy,jamesdiaz@martinez.com,3931531652,Sabrinaland,AK,Belgium,2023-07-06,False
822,Kristen,Gray,jessicaschwartz@robinson-mendoza.com,2538824227,Georgeberg,KS,Sri Lanka,2021-02-19,True
823,Ariana,Jackson,ubarrett@brown.org,8194457047,South Michael,NE,Wallis and Futuna,2023-02-05,False
824,Jacob,Gonzalez,lindseywhite@gmail.com,8882792998,North Debbie,WY,Uganda,2024-01-21,True
825,Jennifer,Cain,rivasjill@yahoo.com,0887659233,Laurieberg,GA,Haiti,2023-10-10,True
826,Dana,Baker,corey38@chang.info,1229473031,New Michaelport,OR,Hungary,2024-08-13,True
827,Brian,Maldonado,ubaker@gmail.com,6243212851,Lake Suzannestad,WA,Macao,2022-12-19,False
828,Suzanne,Mclaughlin,keith07@hotmail.com,8139766747,Lake Tammyburgh,CA,Solomon Islands,2020-09-14,True
829,Trevor,Atkinson,dcollins@hotmail.com,3726428161,Angelamouth,CA,Portugal,2023-08-29,False
830,Sarah,Miller,brownbrian@gmail.com,3925924091,Lake Brianfurt,VA,Belarus,2024-02-02,False
831,Kimberly,Harris,towens@gmail.com,5422694337,Barrerachester,NV,Belgium,2020-07-09,True
832,Nathaniel,Watson,timothyramirez@hotmail.com,2877523187,Lake Michelle,MA,Nepal,2021-12-15,True
833,Theodore,Sanchez,vanessaboyer@medina-lopez.biz,8319361868,Lake Vincentville,OR,Saint Helena,2020-08-01,True
834,Devin,Arias,jessicabryan@hotmail.com,8009170580,Brentborough,KS,Bouvet Island (Bouvetoya),2025-04-19,False
835,Shane,Moore,sheryl55@yahoo.com,9115264025,Huynhton,OR,Central African Republic,2023-11-05,True
836,Kevin,Bryant,gregory41@hotmail.com,4425018803,Cruzmouth,AL,Seychelles,2020-09-09,False
837,David,Wood,cookejennifer@gibbs.com,6477503911,New Michaelburgh,OH,Armenia,2023-10-12,True
838,Christine,Lewis,jenna95@fitzgerald.com,5933606051,Grahamtown,DC,China,2024-04-26,False
839,James,Singh,austinlarson@yahoo.com,0550584450,Hallhaven,NC,Yemen,2023-01-17,False
840,Dawn,Campbell,umartinez@haynes-joyce.com,1219421353,Lake Nicholas,MT,Poland,2024-04-29,False
841,Marc,Porter,greencurtis@gmail.com,4935571106,West Harry,AK,Finland,2021-08-10,False
842,Timothy,Guerra,amandadawson@edwards.biz,4136325918,Taylorstad,MN,British Virgin Islands,2024-10-23,False
843,Nicole,Peters,nwhite@butler-hunt.info,9893859895,Lake Jared,KY,Burkina Faso,2024-12-11,True
844,Emily,Becker,bradymark@patel.com,0042082338,Brownfort,FL,Saint Helena,2022-05-03,True
845,Jeffrey,Johnson,ian77@white.com,9535348959,Suttonton,UT,Jamaica,2021-05-08,False
846,Harold,Jackson,margaretjohnson@hotmail.com,8753507281,Jasonbury,WI,Gambia,2021-08-29,False
847,Abigail,Romero,roberthouse@baker.com,9047860435,Martinland,VT,American Samoa,2024-10-25,False
848,Amy,Wood,aprilgreen@harris.com,1870153244,Gutierrezfurt,SC,Andorra,2023-07-24,True
849,Mathew,Davis,christine32@brock.com,1731039565,East Marybury,NJ,Vietnam,2023-05-31,True
850,Jill,Coleman,thomasmiranda@hotmail.com,4190954024,East Christopher,OR,Cambodia,2024-08-09,False
851,George,Serrano,christopherdoyle@yahoo.com,4931872108,Danieltown,WI,Gambia,2022-02-13,False
852,Makayla,Patel,brianna46@yahoo.com,0502305011,Port Robertaland,VA,Sweden,2024-01-26,True
853,Christian,Smith,smclean@yahoo.com,2271776662,Lake Jonathanshire,IL,Tanzania,2022-02-13,False
854,Trevor,Brown,rebeccaterry@yahoo.com,0810383938,Mendozaburgh,GA,El Salvador,2020-12-14,False
855,Victor,Soto,htaylor@coleman.com,5752224137,Ryantown,GA,Kazakhstan,2023-12-06,False
856,Crystal,Castillo,teresa72@lloyd.org,8479186147,New Alan,OH,Guadeloupe,2022-05-12,True
857,Thomas,Anderson,parkteresa@lee.biz,4888422114,South Benjamin,VA,Saint Vincent and the Grenadines,2023-01-20,False
858,Natalie,Fernandez,blackbrian@ball-brown.org,9394356122,Kellytown,MT,Cape Verde,2021-07-20,False
859,Christopher,Weeks,briancamacho@yahoo.com,9367803618,Mirandashire,CT,Germany,2023-10-07,False
860,Miranda,Munoz,melissareed@gmail.com,2251657026,Coryland,AZ,Congo,2020-09-02,False
861,Betty,Delgado,smithrodney@hotmail.com,0195411937,Port Stevenberg,PA,Fiji,2021-06-21,False
862,Chelsea,Gordon,stevenholland@gmail.com,1635563895,Jonshire,CO,Ireland,2022-01-09,True
863,Donald,Khan,lisa04@newton.com,9897632263,Smithberg,SC,Netherlands Antilles,2023-03-15,False
864,David,Baird,jill67@clark-ortiz.com,3404764879,Josephtown,NJ,Taiwan,2020-12-17,True
865,Amy,Dixon,nathangardner@munoz-tran.biz,2055723715,North Jennifer,VT,Bosnia and Herzegovina,2022-06-12,False
866,Krista,Gardner,mariah53@sanchez-burke.com,2718731353,Lake Kristina,RI,Spain,2023-05-11,True
867,Nichole,Burns,gayala@gmail.com,2472908396,Jennifermouth,CA,Mozambique,2023-07-05,True
868,Kristen,Simpson,richardsonjordan@hotmail.com,9925710376,Priceview,WV,Dominican Republic,2022-11-09,False
869,Bianca,Fleming,vmoreno@yahoo.com,9378257416,Port Alexa,DE,Andorra,2021-03-03,True
870,Shelly,Terrell,dawnvaughn@hotmail.com,6595551950,East Michaelborough,SC,Oman,2021-01-16,False
871,David,Hendrix,bpatel@anderson.com,5907767416,Williamsshire,DE,Romania,2022-10-25,True
872,Maria,Gonzalez,drowe@gmail.com,4077639702,Hugheston,IA,United Kingdom,2021-05-12,False
873,Daniel,Williams,cruzjoseph@yahoo.com,3676263134,Phillipsstad,WV,Palestinian Territory,2022-10-31,False
874,Lori,Madden,koliver@mcknight.com,6252290604,Chavezport,GA,Belgium,2025-05-02,True
875,Larry,Clayton,moorejose@walsh-patrick.com,6063661699,West Maryhaven,TN,Somalia,2020-11-06,True
876,Nicole,Marshall,nwilson@thompson.net,6010134316,Kimberlyview,SC,Cape Verde,2023-01-17,False
877,Juan,Sullivan,rodriguezbradley@hotmail.com,7455360466,West Debbie,GA,Armenia,2023-11-10,True
878,Jacqueline,Mitchell,patrickhall@gmail.com,6174069325,Cookport,AL,Croatia,2022-10-11,False
879,Richard,Jackson,chelseamartin@alvarez.com,4374753979,Sandraton,MT,Tokelau,2023-02-22,True
880,Connie,Miller,daniel05@wood-hernandez.org,8685939415,Johnsonfurt,CO,Turkmenistan,2024-07-23,False
881,Michele,Valentine,warnold@yahoo.com,7704139110,Murphyland,OR,Slovenia,2022-08-22,True
882,Barry,Sanchez,robert79@crosby-stewart.net,6660219983,Jasminemouth,DC,Iran,2024-07-02,True
883,Nathan,Myers,ileonard@yahoo.com,9100853845,Joseburgh,TX,Jamaica,2021-01-30,False
884,Travis,Miller,tiffany17@figueroa.com,4269258061,South Jonathanport,MA,Indonesia,2024-08-03,True
885,John,Meyer,liujack@reed-huffman.com,7503567208,Leebury,WY,Saint Pierre and Miquelon,2022-10-19,False
886,Amber,Yang,hubbardjohn@garza-woodard.biz,2990177572,South Courtney,DC,Swaziland,2022-10-14,False
887,Deborah,Travis,kim54@yahoo.com,5466113103,North Zachary,DC,Honduras,2021-12-09,False
888,Sarah,Stephens,gtaylor@gmail.com,1782790619,North Benjaminborough,NC,Lithuania,2024-05-09,False
889,Michele,Baker,laurensmith@obrien.org,5238390180,North Kimberlystad,CO,Mexico,2023-05-09,True
890,Ronald,Morse,darrylhill@gmail.com,7095517653,North Rebeccashire,SC,Isle of Man,2020-12-30,True
891,Amy,Roth,williamsonjaclyn@mendoza-scott.org,1243470532,Aliciaville,WA,Liberia,2020-08-07,False
892,Joann,Macdonald,fleach@gmail.com,4282840132,South William,WA,Tonga,2023-03-01,True
893,Antonio,Webster,hicksjillian@short.com,1089231045,South Clifford,CO,Norfolk Island,2025-05-16,False
894,Katherine,Martin,andreamiller@yahoo.com,5647644016,Darrellside,NE,Tajikistan,2021-11-01,True
895,Mason,Miller,xfreeman@wagner.com,0357405679,North Susanborough,IL,Zimbabwe,2022-07-04,True
896,Latoya,Wood,brownrobin@mullen-sawyer.org,7187262406,East Mary,NJ,Togo,2025-02-09,True
897,Melissa,Osborne,jeffrey03@mejia-rice.com,6533208489,Manuelport,CA,Mauritius,2024-06-25,False
898,Dominic,Wells,romeroholly@yahoo.com,7507087854,Cochranstad,VA,Korea,2021-11-04,True
899,Marilyn,Mccarty,olivercarrie@yahoo.com,9265820681,Judyview,MN,Bahrain,2025-05-02,False
900,Oscar,Walker,tmills@davis-porter.info,7623998417,Johnberg,MI,Gabon,2021-11-02,True
901,Tyler,Dodson,jacqueline83@yahoo.com,3878675960,Rodriguezfort,IN,Guinea-Bissau,2023-04-28,False
902,Jillian,Nguyen,jasonbarker@yahoo.com,6602416243,Kaylaton,WY,Algeria,2024-10-27,False
903,Daniel,Walter,steven30@anderson-brown.com,6664645330,Johnsonview,HI,Latvia,2020-08-11,True
904,William,Miller,bthompson@hotmail.com,6363745714,Amandaville,VT,Palau,2021-07-07,False
905,Morgan,Boyd,sara03@davis-dunlap.info,1899704331,Port Evanborough,IA,Malawi,2022-12-05,True
906,Morgan,Gallegos,keith78@may.com,5218445962,Harrisonmouth,MS,Samoa,2024-12-08,False
907,Kayla,Jackson,ethompson@ferguson.com,4604782551,Matthewview,AL,Gabon,2022-08-11,False
908,Amanda,Lewis,andrew12@garcia.org,9705152375,Danielchester,OR,Ethiopia,2023-08-02,True
909,Wesley,Johnson,bestlaura@gmail.com,9822030938,South James,ID,Russian Federation,2022-08-04,True
910,Adam,Ramirez,deanna80@bush.biz,7392181889,Elizabethland,ID,Nigeria,2020-06-15,True
911,Susan,Beck,carlaserrano@yahoo.com,9602023311,Williamston,HI,Iran,2024-11-25,True
912,Nicole,Ortiz,hmeza@anderson.com,4306469317,East Michael,CA,Nauru,2025-01-27,True
913,Oscar,Marquez,brandon08@mann.com,6645666180,Port Johnfort,NC,Guadeloupe,2024-02-16,False
914,Jose,Brown,feliciabooth@ali-dougherty.com,2898065270,North Savannah,AK,Poland,2021-10-13,True
915,Crystal,Hubbard,yrobles@hotmail.com,6320747804,East Johnathan,AL,India,2020-09-20,False
916,Travis,Andrews,monicawilson@hotmail.com,0822112942,Brettfurt,MA,Liberia,2020-10-24,False
917,Andrew,Jones,edward77@gmail.com,8844183079,South Felicia,NV,Austria,2023-09-27,False
918,Debra,Patel,terrelljames@sullivan.com,6627850957,Christopherburgh,UT,Zimbabwe,2024-01-09,False
919,Misty,Hart,lisaortiz@gmail.com,6715241849,West Davidside,SC,Belarus,2020-12-20,False
920,Kevin,Lane,knorman@hotmail.com,1755615181,East Richardton,IA,Finland,2025-02-17,True
921,Heidi,Kim,angelawarner@meyer-young.com,1947423119,Lake Nicholas,DC,Djibouti,2022-09-26,False
922,Chelsea,Rosales,cainadam@clay.com,0039031493,Anthonyview,VT,South Africa,2024-05-14,False
923,Daniel,Moore,zwilliams@gmail.com,2907236906,Michaelbury,ID,Estonia,2021-08-07,False
924,Angela,Klein,valdezlauren@castro.org,3790212976,Jenniferfort,MO,Maldives,2020-10-25,False
925,Philip,Mcdonald,pgarcia@hernandez-fitzgerald.com,4891375416,Jackberg,VT,Angola,2022-02-07,True
926,Kimberly,Bishop,alicia67@gmail.com,5770255821,North Nancyberg,GA,Cote d'Ivoire,2024-10-28,False
927,Amber,King,rubenrichard@austin.org,2239743283,Morrisonport,ID,Bhutan,2021-04-03,False
928,Beth,Walsh,harringtonchristopher@hotmail.com,3579812570,West Nicole,MT,Slovakia (Slovak Republic),2023-07-18,False
929,Paul,Sanchez,crystal20@yahoo.com,0538295117,Lisaside,AZ,American Samoa,2022-07-06,False
930,Christopher,Ferrell,mirandaowens@kim.com,1292465464,Lake Amandamouth,FL,Kyrgyz Republic,2024-01-26,False
931,Darlene,Fox,gutierrezheather@molina.biz,2771272669,New Linda,NV,Korea,2022-09-02,False
932,Timothy,Gonzalez,angela55@jensen-mcdowell.com,3878167179,Martinezbury,ID,French Southern Territories,2022-09-02,True
933,Carlos,Henderson,jennifer93@nichols-perry.biz,1038254500,South Dustinport,CA,Norway,2022-09-08,True
934,Dawn,Shannon,elizabeth70@hotmail.com,6610870491,Goodburgh,NC,Afghanistan,2023-02-15,True
935,Scott,Thomas,bwood@yahoo.com,4512911559,East Jonathan,RI,Switzerland,2024-06-08,False
936,Christopher,Smith,leslie12@richardson-roman.com,7954683888,Barbaraport,GA,Belarus,2022-06-22,True
937,April,Gibson,plara@yahoo.com,9717014643,New Jamie,MO,Congo,2022-09-23,True
938,David,Collins,matthewstevenson@yahoo.com,9746090884,Phamberg,OH,Syrian Arab Republic,2020-11-13,False
939,Shaun,Hammond,knappchristine@parker.com,8319363138,Jeffreyville,WY,Malawi,2022-06-01,True
940,Theresa,Sanders,rburgess@miller.org,5338089592,Heidistad,ND,Solomon Islands,2021-10-15,True
941,Robert,Young,droy@jordan.info,3236571657,North Emilyborough,IA,Palau,2023-11-08,True
942,Anthony,Rose,cynthia01@hamilton-moyer.biz,9054660313,West Kennethborough,CT,Namibia,2023-03-22,True
943,Lori,Pratt,mayselizabeth@bush.com,4218235781,Triciaview,MT,Guinea,2021-07-27,True
944,Tiffany,Davis,austinhanna@wilson.biz,4420080333,Parkertown,IL,Jamaica,2023-05-02,True
945,Deborah,Powell,jguerra@gmail.com,2794879645,Wolfefort,UT,Netherlands,2023-02-23,True
946,Gina,Richards,fordelijah@yahoo.com,3672100675,Sanchezland,MT,Kenya,2021-11-27,False
947,John,Thompson,wcallahan@gmail.com,1726827516,Howardbury,ID,Czech Republic,2022-10-02,True
948,Connie,Meyer,brandonbailey@scott-gilbert.com,8957566687,Brucefort,NV,Czech Republic,2022-08-18,False
949,Justin,Ford,caitlintaylor@gmail.com,1870344413,Angelaland,SD,Cayman Islands,2023-11-23,True
950,Richard,Hale,hrivera@gmail.com,0796555632,West Troyberg,PA,Tonga,2024-11-25,False
951,Hannah,Wright,brandonramirez@miller-wheeler.info,5704570081,Nelsonbury,WY,Serbia,2023-04-05,False
952,Bryan,May,theodorehanson@yahoo.com,9783958330,Sanchezberg,IA,Papua New Guinea,2023-12-08,False
953,Patricia,Ross,seth86@hotmail.com,0025332697,Mirandahaven,AR,Mongolia,2021-08-25,False
954,Bridget,Schroeder,xmontgomery@yahoo.com,6336846064,Lake Ian,NJ,Monaco,2024-07-16,False
955,Cesar,Stevens,ngarcia@sheppard-warren.org,8939585589,Felicialand,CA,Equatorial Guinea,2024-08-30,True
956,Jennifer,Valdez,mitchellsandra@galvan.com,9565438716,East Judymouth,NY,Tonga,2023-03-07,False
957,Anita,Cooper,richarddoyle@gmail.com,9228431779,Hillmouth,MS,China,2023-08-02,True
958,Timothy,Johnson,drichardson@gmail.com,7849949273,North Stevenport,SD,Mongolia,2023-10-12,False
959,Alexis,Gomez,katrina36@gmail.com,0645344048,South Kimberlyport,LA,Mali,2022-07-26,True
960,Nicholas,Stone,dana19@gmail.com,9768153560,Cookeshire,HI,Macedonia,2022-07-27,True
961,Marcus,Bartlett,abowen@yahoo.com,2332730704,Ericville,NC,French Southern Territories,2022-05-19,True
962,Curtis,Ellis,bradshawkathleen@hotmail.com,6712956024,Lake Robertland,KS,Sao Tome and Principe,2022-12-20,True
963,Kathy,Johnson,bdominguez@gmail.com,8232479526,Georgeborough,MA,Bouvet Island (Bouvetoya),2022-02-22,False
964,Christopher,Burke,ywise@gmail.com,8308380498,West Natasha,VA,Papua New Guinea,2022-06-03,False
965,Daniel,Mccormick,laura83@spencer-king.com,8754217824,Michaelshire,DC,Mauritania,2022-11-06,False
966,John,Cantrell,yatessandra@hotmail.com,2548610520,Toniborough,TX,Palau,2024-10-17,False
967,Andrea,Sanchez,qbrown@compton.com,5235394694,Youngberg,MT,Mauritius,2023-11-20,False
968,Karen,Stewart,johngonzales@murphy.net,6571210814,Port Louis,MT,Guam,2023-12-25,False
969,Charles,Miller,cholloway@swanson.com,7019980777,New Olivia,AL,Canada,2021-03-22,True
970,Janet,Carter,dsteele@hotmail.com,9225498349,West Jamesbury,AR,Saint Kitts and Nevis,2023-03-21,True
971,Shane,Holden,taylorclark@hotmail.com,4144229810,Martinezberg,ID,Turkmenistan,2025-02-17,True
972,Leslie,Terry,elaine24@colon.com,9261630296,West Collinville,WV,Martinique,2025-01-29,False
973,Timothy,Hoffman,dpatel@hotmail.com,6673420366,Aliciastad,KY,Turks and Caicos Islands,2021-10-08,False
974,John,Riddle,hpeterson@patterson-garcia.com,8179718113,South Walter,IL,Montenegro,2024-10-05,False
975,Kathryn,Cruz,vanessa23@harris.com,5442040283,East Dustin,HI,Libyan Arab Jamahiriya,2023-07-13,True
976,Yvette,Smith,samanthaphelps@clark.com,1828305978,New Zacharyfort,IL,Syrian Arab Republic,2025-03-13,True
977,Chelsea,Valencia,robertrose@torres.org,7384742630,Lake Madisonfurt,MA,Cayman Islands,2021-11-18,True
978,Nancy,Parker,allisonramsey@hotmail.com,4283965624,East Joseph,ID,Saint Kitts and Nevis,2022-01-28,False
979,Melanie,Moore,robertsnorman@black.info,5164674442,Lake Ashleyberg,NC,United States of America,2021-10-14,False
980,Hannah,Wood,washingtonjoel@kerr.com,2655861277,North Larry,OR,Dominica,2021-07-09,False
981,Juan,Silva,morganthompson@hall.biz,6846624064,Harrismouth,MT,Bolivia,2024-07-12,False
982,Amanda,Stephens,cooketerrence@yahoo.com,5184869169,West Jason,NV,Cayman Islands,2024-10-12,True
983,John,Ball,christian03@yahoo.com,5161926375,East Erictown,OR,Ecuador,2023-12-01,False
984,Rita,Walters,sullivanamber@hotmail.com,7279710954,Blairhaven,NH,Australia,2022-07-12,True
985,Matthew,Jones,maryyoung@gmail.com,9034353884,Lake Jacob,FL,Uzbekistan,2022-12-29,True
986,Gina,Bennett,singletonwilliam@hotmail.com,3024637496,Johnsonchester,NE,Guadeloupe,2021-09-19,False
987,Jake,Valdez,janelawrence@hotmail.com,8932820118,West Patriciaberg,KS,Colombia,2022-07-16,False
988,Marc,Lopez,cgriffin@hotmail.com,0140177811,Port Aprilport,KS,Mauritania,2021-11-16,False
989,Isaiah,Rodriguez,nwilliams@hotmail.com,0130506668,North Matthew,NH,Eritrea,2022-03-11,False
990,Rose,Harrison,richard37@yahoo.com,9610917557,Glassville,TN,Cook Islands,2024-03-10,False
991,Elizabeth,King,hollyreilly@yahoo.com,6657014126,Owenshaven,NY,Isle of Man,2021-11-27,False
992,Valerie,Harvey,vshields@aguilar-freeman.biz,7552014542,Kathleenville,WY,Isle of Man,2023-06-19,True
993,Trevor,Tucker,daniel33@miller.com,0881370230,Charlesview,AK,Costa Rica,2021-07-06,False
994,Carolyn,Meyer,rodgersdenise@yahoo.com,3942767344,Lake Mark,NE,Barbados,2023-04-12,False
995,Eddie,Frazier,regina61@gmail.com,2949741685,Port Donald,RI,Wallis and Futuna,2023-04-14,True
996,Bobby,Lee,dorothy25@cruz-patrick.com,5469445003,Josephfort,CO,Uruguay,2024-03-12,False
997,Ashley,Wells,kimberly14@yahoo.com,3837470647,Shermanport,ME,Madagascar,2022-07-23,True
998,Michael,Williams,omcclure@patel.com,8074824491,West Nathanberg,IA,Liechtenstein,2023-08-01,False
999,Michael,Herman,nathan89@bates.biz,0898144494,North Megan,OH,Latvia,2023-03-21,False
1000,Douglas,Sullivan,kelseyscott@yahoo.com,7691883987,Malloryburgh,ND,Vanuatu,2021-06-09,False
